"index","ID","doi","smiles","E(S1)","f(S1)","E(T1)","opt_E(S1)","opt_f(S1)","opt_E(T1)","opt_E(T2)"
325943,"IVUGIR","10.1002/anie.201604115","FC(COc1n[n+]([O-])c(OCC(F)(N(=O)=O)N(=O)=O)n[n+]1[O-])(N(=O)=O)N(=O)=O",3.3639000201247145,0.1956,0.6684716197832338,3.4629000207169867,0.2185,1.0139596094895111,3.2778000196096166
152896,"DUNMAC","10.1039/C5DT02069G","CC(C)c1cccc(C(C)C)c1N1P(=S)N(c2c(cccc2C(C)C)C(C)C)P1=S",2.5797000154331955,0.1464,0.6242871332984286,2.459300014712896,0.1473,0.6014358284788868,2.4005000143611217
547574,"PHAZOX","10.1246/bcsj.36.1364","[O-][n+]1c2ccccc2[n+]([O-])c2ccccc12",2.7134000162330625,0.1472,0.6178460896107141,2.6896000160906777,0.1401,0.7469442201524176,3.3382000199709627
745933,"VASGUR","10.1039/p19890001117","Cc1cc(C)c2[N+](=[N+]([O-])c3c(F)c(F)nc(F)c3Cc2c1)[O-]",3.524700021086709,0.1362,0.9102450480562854,3.744000022398684,0.1592,1.3178109147127992,3.6804000220181927
84031,"CAZBZO10","10.1021/ja00827a021","[O-][N+](=[N+]([O-])c1ccccc1)c1ccccc1",3.8779000231997474,0.1377,1.090271299361725,3.839800022971812,0.24,1.383611390766719,3.7639000225177366
216225,"FOHQID","10.1016/j.jorganchem.2004.09.014","CC(C)(C)N(=O)=C1C=CC(=O)C(=C1)N",2.8973000173332544,0.2326,0.67668660086381,2.9768000178088685,0.2445,0.9844737608215588,2.7323000163461333
377873,"KIQPIL","","[NH2+]=C(S[O-])C(=Cc1ccccc1Cl)C#N",3.2012000191513534,0.4288,1.4534972208981785,3.3124000198166126,0.5277,1.1787305324721753,3.1287000187176166
42874,"BATWUO","10.1139/v81-255","[O-][N+](=[N+]([O-])c1cnc2ccccc2n1)c1cnc2ccccc2n1",3.1840000190484528,0.1321,0.9558026210186468,3.3057000197765296,0.1911,1.1757261234506051,3.2390000193774933
825327,"XIJWEU","","CC1(C)N=C(N(O)C1(C)C)C1=[N+]([O-])C(C)(C)C(C)(C)[N+](=C1)[O-]",3.527300021102264,0.0677,1.2627492212936116,3.554600021265588,0.1691,1.3296198394865129,3.2042000191693005
238761,"GEKKOY","","O=N(=O)C1=CC2=NOC3(CCCCC3)[N+](=C2C=C1)[O-]",2.7791000166261166,0.0649,0.8212478730684584,2.756400016490313,0.0654,1.0192792447865016,2.746300016429889
388213,"KUJTIU","10.1016/j.tet.2015.03.096","CC1(C)ON=C2C(=C(C(=CC2=[N+]1[O-])Cl)N(=O)=O)Cl",2.796500016730213,0.0981,0.7920017839184545,2.820100016871401,0.1129,1.0537165314993535,2.9365000175677705
126412,"DAYBIO","10.1039/p29850000947","N#C[C-](C#N)[n+]1cc[n+](cc1)[C-](C#N)C#N",2.6463000158316343,0.9162,0.8277964017288597,2.6289000157275364,0.8341,0.9672401103825706,2.666400015951884
362156,"KAPBAH","10.1002/ejoc.201601648","CC(C)c1cccc(C(C)C)c1N1C=C[N+](=C1C1=C(C#N)C(=C([N-]1)[N+](=C(C#N)C#N)[C-](C#N)C#N)C#N)c1c(cccc1C(C)C)C(C)C",3.1027000185620714,0.268,1.2049487019774483,3.0797000184244725,0.2622,1.2393561377979476,2.7976000167367943
174800,"EOQUNX","10.1107/S0567740881006225","CCOC(=O)c1c(C)n(=O)c2ccc(Cl)cc2n1=O",3.4319000205315287,0.14800000000000002,1.187664302297566,3.446300020617677,0.1464,1.4559459734417095,3.4961000209156077
467020,"NAGYAY","","COc1ccc2[n+]([O-])c(C)c[n+]([O-])c2c1",3.40310002035923,0.1608,1.137501801062753,3.4062000203777765,0.1619,1.4425480398411934,3.507600020984408
685033,"TECKOC","10.1107/S1600536806001498","CCS(=O)(=O)C1=[N+]([O-])c2ccccc2[N+](=C1c1ccccc1)[O-]",3.4116000204100816,0.1548,1.1038524200057,3.3728000201779587,0.1264,1.4260537227389218,3.1742000189898234
50476,"BERZON","","FC1=CC(C(=CC1=C(C#N)C#N)F)=C(C#N)C#N",3.347400020026002,1.2009,1.3452501134815626,3.2515000194522754,1.195,1.3686595510261186,2.8081000167996097
539505,"PBTZBO","10.1107/S0567740875003457","O=C1N=[N+](N([O-])c2ccccc12)c1ccccc1",3.247600019428944,0.1426,1.190057026597834,3.2084000191944266,0.1535,1.3476619401732024,3.399400020337095
762220,"VIZBUB","10.1021/ja00012a029","CC(C)(C)C1=CC(C=C(C1=O)C(C)(C)C)=C1SC(C=C1)=C1C=C(C(=O)C(=C1)C(C)(C)C)C(C)(C)C",2.3709000141840377,1.6578,0.8125099163717812,2.3889000142917243,1.6749,0.9216379107473548,2.3350000139692644
684328,"TCQNMP10","10.1246/bcsj.46.2945","N#CC(C#N)=C1C=CC(C=C1)=C(C#N)C#N",3.2814000196311537,1.1340000000000001,1.2893325675758671,3.266500019542013,1.1462,1.3869910992110153,3.188900019077767
94634,"CIHDAZ","10.1039/b704685e","CC(C)(C)OC(=O)Nc1ccc2[N+](=C(CBr)C(=[N+]([O-])c2c1)CBr)[O-]",3.4077000203867502,0.1171,1.1507463440930623,3.399000020334701,0.1005,1.4841111175419306,3.1066000185854032
587130,"QISREP","10.1021/om990982k","CC(C)[Si](C)(C(C)C)[Si](=[Si]([Si](C)(C(C)C)C(C)C)[Si](C)(C)C(C)(C)C)[Si](C)(C)C(C)(C)C",3.127000018707447,0.2637,1.3068175151679806,3.065100018337127,0.2555,1.3153692371411807,3.2629000195204765
173997,"ENEYEB","10.1016/S0022-328X(03)00436-4","CC(C)[Si](C)(C(C)C)[Si](=[Si]([Si](C)(C)C(C)(C)C)[Si](C)(C)C(C)(C)C)[Si](C)(C(C)C)C(C)C",3.0727000183825948,0.2939,1.3230640726154574,2.9727000177843386,0.2711,1.2768686647332024,1.1424000068344702
833715,"XOPXUV","10.1246/bcsj.74.2019","CCCCCCCCCCCCC1=CC(C=CC1=C(C#N)C#N)=C(C#N)C#N",3.3083000197920844,0.9357,1.4723947114765348,3.1988000191369945,1.0088,1.3979125246579798,2.9225000174840146
789483,"WICVEJ","10.1002/anie.199414891","CC(C)(C)[Si](C)(C)[Si](=[Si]([Si](C)(C)C(C)(C)C)[Si](C)(C)C(C)(C)C)[Si](C)(C)C(C)(C)C",3.0718000183772105,0.2306,1.2943862660101857,2.936600017568369,0.1825,1.2672597804814758,3.2197000192620298
146186,"DORCUJ","10.1021/ja805753d","CC(C)[Si](C(C)C)(C(C)C)[Si](=[Si]([Si](C)(C)C)[Si](C(C)C)(C(C)C)C(C)C)[Si](C)(C)C",3.151600018854618,0.2631,1.3515465014510104,3.0550000182767034,0.2552,1.3353383120590487,3.2480000194313368
587341,"QITJIO","10.1016/j.poly.2014.01.027","N#CC(C#N)=C1C=CC2=NSSC2=C1",2.7628000165286006,0.6005,0.9886315243992578,2.8109000168163614,0.6033,1.2367849340235473,2.8969000173308617
151523,"DUJBAM","10.1107/S1600536809046741","Cc1c[n+]([O-])c(C)c[n+]1[O-]",3.9455000236041675,0.0647,1.6179759480308749,4.059000024283188,0.0914,1.9038351670948201,3.6399000217758974
103211,"COGTIB","10.1016/S0040-4039(98)02557-X","N#CC(C#N)=C1C=CC(=C2C=CC(C3=NSN=C23)=C(C#N)C#N)C2=NSN=C12",2.6592000159088083,1.6811,1.124268033750709,2.6135000156354056,1.7174,1.1539493962283989,2.1877000130880337
633534,"RUKGOT","10.1055/s-1997-1316","N#CC(C#N)=C1C=CC(C2=C1CCC2)=C(C#N)C#N",3.0803000184280616,0.5724,1.327020063759893,3.0568000182874715,0.632,1.3892910326888988,2.732700016348526
287733,"HOQDUO","10.1039/C4CC05886K","CN1C=CC(=C=C=C2C=CN(C)C=C2c2c(C)cc(C)cc2C)C(=C1)c1c(C)cc(C)cc1C",2.7885000166823524,0.6538,0.9931371855339276,2.8648000171388217,1.0294,1.2893701192891829,2.531400015144238
264745,"HAHRIU","10.1134/S1070428012030116","NC1=C(C=CC2=[N+]([O-])C3(CCCCC3)N=C12)N(=O)=O",2.928200017518116,0.0792,1.1728032669414066,2.8634000171304463,0.0752,1.296812188201801,2.583700015457125
657819,"SINZIN","10.1107/S0567740877005536","c1ccc(cc1)C1=CC(=[N+]2[N-]c3ccccc3C32C=Cc2ccccc32)c2ccccc12",2.610200015615664,0.7397,1.0166919046674554,2.583600015456528,0.7436,1.1497939456218105,2.6420000158059085
937602,"CESGUF","","F[B-]1(C#N)N2C(=C3C=CC=CC3=C2c2ccccc2)N=C2[N+]1=C(c1ccccc1)c1ccccc21",2.1359000127781376,0.787,0.8851991450270198,2.126300012720705,0.7702,0.9158416136198978,3.0354000181594447
265632,"HAKWIZ","10.1039/p19930002363","N#CC(C#N)=C1C=C(CCCc2ccccc2)C(C=C1CCCc1ccccc1)=C(C#N)C#N",3.2611000195097075,0.2379,1.4394403636134183,3.1840000190484528,0.0,1.4724885907520906,2.7538000164747585
907215,"HEHWOJ01","10.1016/j.molstruc.2017.09.075","C#CCOC1=CC(C=CC1=C(C#N)C#N)=C(C#N)C#N",3.0916000184956647,0.5864,1.3568205848823711,3.0673000183502888,0.6346,1.4175986283868518,2.673700015995556
556485,"POGVAJ01","10.1246/bcsj.81.1131","COC1=CC(C(=CC1=C(C=C1N(C)c2ccccc2C1(C)C)C#N)OC)=C(C#N)C#N",2.2693000135762103,1.3706,0.8234312057601658,2.3732000141977982,1.419,1.0549315198435638,2.4640000147410137
556491,"POGVIR","10.1246/bcsj.81.1131","CCOC1=CC(C(=CC1=C(C=C1N(C)c2ccccc2C1(C)C)C#N)OCC)=C(C#N)C#N",2.2963000137377394,1.4292,0.8114620059343879,2.36850001416968,1.3906,1.0566520957270993,2.4554000146895643
312621,"ILISAX","10.1107/S1600536803019780","CCCCc1ccc(NC2=C3C(=O)C=CC(=C3C(=O)C=C2)Nc2ccc(CCCC)cc2)cc1",2.2848000136689404,0.3584,0.9098923885047004,2.182500013056925,0.4373,0.9638133806610172,2.735000016362286
128981,"DEFRIP","10.1107/S0108270185008848","C[Si](C)(C)OC(=[Si]([Si](C)(C)C)[Si](C)(C)C)C12CC3CC(CC(C3)C1)C2",3.839800022971812,0.244,1.811608844261772,3.601500021546169,0.2357,1.7107814107772268,4.199800025125532
71907,"BURPUA","10.1002/zaac.200900282","CC(C)(C)C1=CC(=CC=C2C=C(C(=O)C(=C2C(C)(C)C)O)C(C)(C)C)C(=C(O)C1=O)C(C)(C)C",2.7440000164161287,1.275,1.0608565268285095,2.652600015869324,1.0399,1.2126628575225948,2.3879000142857416
347714,"JOBVIF","10.1246/bcsj.64.2242","CC(C)NC1=C2C(=O)C(=CC(=C2C(=O)C(=C1)[Se]c1ccccc1)NC(C)C)[Se]c1ccccc1",2.0944000125298614,0.4179,0.7521297577235054,2.227100013323746,0.4155,0.9924555403143146,2.5504000152579063
942092,"JETDOE","10.1016/j.tetlet.2018.03.003","CN1C(=O)C(c2cc(C)cc(C)c12)=C1c2ccccc2[N+](=C1c1ccccc1)[O-]",2.543600015217225,0.2161,0.9450862333582742,2.5739000153984968,0.2016,1.1757462598729551,2.122800012699766
10666,"AHEYUI","10.1021/ol9003838","Fc1cccc(F)c1C1=C2C=C3C(=O)c4ccccc4C(=C3C=C2C(=O)c2ccccc12)c1c(F)cccc1F",2.3104000138220933,0.8547,0.9638264421300156,2.4244000145041045,0.8322,1.0987962725509717,2.4556000146907597
349633,"JOJPIJ","10.1002/anie.201403509","CC[Si](CC)(CC)C#CC1=C2C=C3C=Cc4ccccc4C(=C3C=C2C=Cc2ccccc12)C#C[Si](CC)(CC)CC",2.2666000135600566,0.7712,1.0267040616809235,2.1796000130395754,0.7443,0.970796910522664,1.8448000110366165
937603,"CESHAM","","N#C[B-]1(C#N)N2C(=C3C=CC=CC3=C2c2ccccc2)N=C2[N+]1=C(c1ccccc1)c1ccccc21",2.167600012967785,0.7595,0.9309286939493926,2.1520000128744567,0.7334,0.9580271517447349,3.0092000180027023
569685,"PYRZLB","10.1016/S0040-4020(01)97738-5","CC1(C)CCCC(C)(C)C21NN=CC2=S=O",3.1728000189814485,0.2104,1.4226901234343614,3.181100019031103,0.2595,1.5067365678658182,1.2625000075529746
179793,"ESIVOR01","10.1021/ja0386086","CC(C)OC(=O)C(C(=O)OC(C)C)=C1C=CC(C=C1)=C(C(=O)OC(C)C)C(=O)OC(C)C",3.494400020905438,1.3211,1.5385823238949592,3.5307000211226045,1.318,1.6919299074420568,3.3614000201097585
179807,"ESIWUY","10.1021/ja0386086","BrCCOC(=O)C(C(=O)OCCBr)=C1C=CC(C=C1)=C(C(=O)OCCBr)C(=O)OCCBr",3.632100021729235,1.3037,1.6530807573141384,3.5673000213415667,1.3234,1.7145730451400416,3.364000020125313
246629,"GIPMAT","10.1107/S0108270187009454","CC(=O)OCCOC1=CC(C=CC1=C(C#N)C#N)=C(C#N)C#N",3.1531000188635914,0.5958,1.4603724494480326,3.0202000180685102,0.5524,1.4299414133145725,2.607900015601903
463713,"MUXJIA","10.1515/ncrs-2014-9033","ON=C1C=C(Cl)C(C=C1Cl)=C(C#N)c1ccccc1",3.423900020483668,0.2947,1.5936176222837388,3.4338000205428947,0.7925,1.655664478242784,3.1945000191112705
703511,"TOSYIL","10.1039/C4TC02467B","O=C1c2ccccc2C(=CC1=C1C=C(OC2CCCCC2)c2ccccc2C1=O)OC1CCCCC1",2.1269000127242945,0.4149,0.891721441908129,2.1821000130545323,0.4528,1.000827939294115,2.3315000139483253
713850,"UBULOU","10.1039/c1cc15746a","CCC1=NC2=C3N=C4[N+](=C(c5ccccc5)c5nc(CC)c(CC)nc45)[B-](F)(F)N3C(=C2N=C1CC)c1ccccc1",2.227800013327934,0.8693,1.0020867379689802,2.2106000132250343,0.8646,1.0231747450367843,2.9081000173978664
352468,"JOXYUS","10.1002/chem.201403990","COC(=O)C1(CC(C=C)[N+]([N-]1)=C1C(=O)N(Cc2ccccc2)c2ccccc12)C(=O)OC",3.483900020842621,0.4454,1.4714828579609545,3.45590002067511,0.4105,1.6782646219801551,3.422300020474096
919889,"ESIWAE02","10.1021/acs.macromol.6b00349","O=C(OCc1ccccc1)C(C(=O)OCc1ccccc1)=C1C=CC(C=C1)=C(C(=O)OCc1ccccc1)C(=O)OCc1ccccc1",3.5218000210693594,1.5794,1.6357939085426938,3.5064000209772286,1.53,1.7067892284743391,3.3306000199254955
610622,"RATYIX","10.1002/chem.201605104","CC(C)[Si](C(C)C)(C(C)C)C1=CC=C(S1)C1=C2C=C3SC(=O)C(=C3C=C2SC1=O)C1=CC=C(S1)[Si](C(C)C)(C(C)C)C(C)C",2.2951000137305604,1.3244,0.96843605076379,2.3224000138938843,1.212,1.0855652807925054,1.9286000115379545
847645,"YAPGIH","10.1021/ol202500z","CCCCCCOC1=CC(C(=O)c2ccccc12)=C1C=C(OCCCCCC)c2ccccc2C1=O",2.244000013424852,0.5084,0.977390773350636,2.2439000134242537,0.4883,1.0484266382503271,2.309500013816709
703507,"TOSYAD","10.1039/C4TC02467B","CCOC1=CC(C(=O)c2ccccc12)=C1C=C(OCC)c2ccccc2C1=O",2.2708000135851845,0.5204,1.000129967255269,2.2522000134739093,0.4941,1.0534460503277518,2.3094000138161106
515331,"OKOZUK","10.1021/jo9022155","OC1=C2C=C3OC(=O)C(=C3C=C2OC1=O)c1ccccc1",2.7609000165172337,0.0799,1.2946956594530612,3.157000018886924,1.004,1.5299594169426325,2.833700016952764
703509,"TOSYEH","10.1039/C4TC02467B","CC(C)OC1=CC(C(=O)c2ccccc12)=C1C=C(OC(C)C)c2ccccc2C1=O",2.26310001353912,0.4965,1.0094142197259008,2.2121000132340085,0.4666,1.0351689793381058,2.327900013926788
423468,"LULLOT04","10.1021/ma035997f","COC(=O)C(C(=O)OC)=C1C=CC(C=C1)=C(C(=O)OC)C(=O)OC",3.6167000216371035,1.1697,1.6283344515594875,3.578600021409169,1.161,1.754917733093941,3.3084000197926824
703505,"TOSXUW","10.1039/C4TC02467B","COC1=CC(C(=O)c2ccccc12)=C1C=C(OC)c2ccccc2C1=O",2.3335000139602906,0.5141,1.0781009257561045,2.2662000135576648,0.4877,1.06525987315466,2.3127000138358533
63709,"BOPSEF","10.1016/j.molstruc.2009.01.048","CSC1=C(SC)SC(S1)=C1C=CC(C=C1)=C(C#N)C#N",2.724200016297675,1.2196,1.1331471086951646,2.6908000160978567,1.1718,1.288617724492749,3.0978000185327565
338741,"JAZCAR","10.1021/acs.cgd.7b00580","COC(=O)C(C(=O)OC)=C1C=CC(C=C1)=C(C(=O)OC)C(=O)OCCBr",3.5386000211698665,1.2124,1.5364965712437215,3.5694000213541286,1.2195,1.7520594491991714,3.3050000197723417
234620,"GATTEA","","[O-][N+]1=C(c2ccccc2)C(=C(C#N)C#N)c2ccccc12",3.021100018073895,0.1176,1.2490703029327623,2.7046000161804167,0.0757,1.29826783403017,2.7468000164328803
479732,"NEVPEJ","10.1021/jo9702195","CCOC(=O)C1=C(N(C)C2=C1C(C=C(C)C2=O)=C1C=C(C)C(=O)C2=C1C(=C(N2C)c1ccccc1)C(=O)OCC)c1ccccc1",2.648100015842402,0.6609999999999999,1.0842526035758102,2.7560000164879197,0.6838,1.3265035916671941,2.6263000157119825
47325,"BEHCEX","10.1002/anie.200352355","CCOC(=O)C(C(=O)OCC)=C1C=CC(C=C1)=C(C(=O)OCC)C(=O)OCC",3.657600021881791,1.1515,1.6824309571432108,3.570200021358915,1.2445,1.7577158798202608,3.3317000199320765
945080,"PETDIE","10.1021/ma901138k","COCCOC(=O)C(C(=O)OCCOC)=C1C=CC(C=C1)=C(C(=O)OCCOC)C(=O)OCCOC",3.6256000216903486,1.3177,1.6979732839499702,3.5543000212637925,1.3395,1.7494506937269232,3.3107000198064442
103814,"COJMAR","10.1002/ejoc.201402692","FC1=CC=CC2=[N+]([O-])ON=C12",3.606700021577278,0.1219,1.5697481218512963,3.6610000219021313,0.1362,1.808286198085529,3.6675000219410174
930623,"SEPJEF01","10.1021/acs.macromol.6b00349","Fc1c(F)c(F)c(COC(=O)C(C(=O)OCc2c(F)c(F)c(F)c(F)c2F)=C2C=CC(C=C2)=C(C(=O)OCc2ccccc2)C(=O)OCc2ccccc2)c(F)c1F",3.3819000202324005,1.4803,1.3773257512982522,3.5030000209568883,1.5623,1.727247564093738,3.2643000195288523
655267,"SIFLUQ","10.1039/c3cc41007b","CC(C)(C)[Si](C)(C)C1=CC=C(S1)C1=CC(C(=O)S1)=C1C=C(SC1=O)C1=CC=C(S1)[Si](C)(C)C(C)(C)C",2.1111000126297705,1.1155,0.9122298464786156,2.13120001275002,1.0574,1.0070076448286271,2.4182000144670126
123408,"DAQGIM","10.1021/ja051819l","CCCCCSC1=C(SCCCCC)SC(S1)=C1C=CC(C=C1)=C(C#N)C#N",2.7441000164167275,1.3146,1.1772714579991457,2.7002000161540933,1.2175,1.3077674646095416,3.1653000189365788
574671,"QAPWUA","10.1021/ja052271l","Cc1ccc(cc1)C(=C1SC(C=C1)=Pc1c(cc(cc1C(C)(C)C)C(C)(C)C)C(C)(C)C)c1ccc(C)cc1",2.9246000174965783,0.7622,1.3651943716126649,2.9419000176000765,0.8569,1.4364022124661806,3.2376000193691183
40374,"BANHAZ","","CN(C)c1ccc(cc1)C(C#N)=C1C=CC(C=C1)=C(C#N)C#N",2.4753000148086164,1.3126,1.0061616156626991,2.5220000150880018,1.1824,1.2164581654485072,2.5397000151938927
40001,"BAMLIN","10.1039/C6CE02582J","COc1ccccc1C1=CC(=C2N=C3[N+](=C(C=C3c3ccc(cc3)C#N)c3ccccc3OC)[B-](F)(F)N12)c1ccc(cc1)C#N",2.2462000134380133,0.693,1.053827281840837,2.277700013626464,0.7467,1.0903226472436658,2.4992000149516
37291,"BAFGOE","","CCCN(CCC)c1ccc(cc1)C(C#N)=C1C=CC(C=C1)=C(C#N)C#N",2.4528000146740094,1.3866,1.0163776131651985,2.463000014735031,1.2506,1.1882787353768167,2.4780000148247696
930622,"SEPJAB01","10.1021/acs.macromol.6b00349","Fc1c(F)c(F)c(COC(=O)C(C(=O)OCc2c(F)c(F)c(F)c(F)c2F)=C2C=CC(C=C2)=C(C(=O)OCc2c(F)c(F)c(F)c(F)c2F)C(=O)OCc2c(F)c(F)c(F)c(F)c2F)c(F)c1F",3.4650000207295504,1.5058,1.5322271049392282,3.5065000209778265,1.5719,1.7404192350414216,3.226100019300319
300618,"ICEQIT","10.1016/j.jorganchem.2016.12.019","C[Si](C)(C)[Si]1=C(O[Si](C)(C)[Si]([Si](C)(C)C)([Si](C)(C)C)[Si]1(C)C)C12CC3CC(CC(C3)C1)C2",3.772300022567989,0.1775,1.82375274117585,3.623600021678384,0.1762,1.8054677788751865,4.049300024225157
559016,"POQMOZ","10.1039/C4RA08771B","COc1ccc2c(CCC3=C2N2C(=C3)C(=C3C=C4CCc5cc(OC)ccc5C4=[N+]3[B-]2(F)F)C=O)c1",2.0787000124359354,0.7565,0.9964207833710359,2.0130000120428817,0.7248,0.9611091132164404,2.603800015577375
653189,"SEWKAI","10.1039/C3OB40373D","CCCCSC1=CC=C(S1)C1=CC(C(=O)S1)=C1C=C(SC1=O)C1=CC=C(SCCCC)S1",2.1119000126345564,1.1025,1.0036796924389175,2.049700012262442,1.0975,0.9816243206416798,2.278400013630652
735394,"UVEYIE","10.1021/cm102109p","CCC(=O)C(Cc1ccccc1Cl)=C1SC(C=C1)=C1SC(C=C1)=C(C#N)C(=O)CC",2.546000015231583,1.3557,1.2204469463302057,2.5159000150515083,1.3317,1.2279551116848872,2.565200015346448
413114,"LITDID","10.1039/C3CC49555H","NC1=CC(C=CC1=O)=C1C=C(OC(=C1)c1ccccc1)c1ccccc1",2.6156000156479693,0.7304,1.10729574866674,2.7661000165483447,0.8491,1.3610922553197735,2.6964000161313595
901695,"ZZZKEA01","10.1107/S1600536809017036","[O-][N+]1=C2C=CC=CC2=NO1",3.600800021541981,0.1229,1.5947636297631698,3.6539000218596547,0.136,1.8294262061155293,3.7534000224549193
689850,"TEWGAE","10.1246/bcsj.80.349","C[Si](C)(C)C1=CC=C(O1)C(=C=C=C(C1=CC=C(O1)[Si](C)(C)C)C1=CC=C(O1)[Si](C)(C)C)C1=CC=C(O1)[Si](C)(C)C",2.3800000142384787,0.8919,1.0884238368044348,2.349700014057208,0.8844,1.1452308684531676,3.0744000183927644
781670,"WAWRER","10.1002/anie.199311871","C[Si](C)(C)C#CC(=C=C=C(C#C[Si](C)(C)C)C#C[Si](C)(C)C)C#C[Si](C)(C)C",2.999700017945868,1.1536,1.4070805845181755,3.0328000181438903,1.204,1.5057550532049333,3.4040000203646152
653192,"SEWKEM","10.1039/C3OB40373D","CCCCCC1=CC=C(S1)C1=CC(C(=O)S1)=C1C=C(SC1=O)C1=CC=C(CCCCC)S1",2.169100012976758,0.9291,0.9378131743465674,2.191600013111366,0.8991,1.0652740230675493,2.4898000148953634
805149,"WURYAL","10.1016/j.mencom.2015.09.005","N#CC(C#N)=C1C=C2SSN=C2C2=NSN=C12",2.9959000179231343,0.6455,1.3424685112818158,2.9628000177251117,0.6181,1.4754861969436568,2.8167000168510605
78993,"CAMBIE","10.1039/C6CC08736A","CC(C)(C)c1cc(c([As]=C2c3cc(Br)ccc3c3ccc(Br)cc23)c(c1)C(C)(C)C)C(C)(C)C",3.0041000179721915,0.0584,1.443443702577559,3.0561000182832836,0.0401,1.5317696815679942,2.6590000159076115
506361,"ODEDIK","10.1021/ja011658v","CC(C)(C)[Si](C)(C)[Si]12C3(C4CC5CC(C4)CC3C5)[Si]1(C12C2CC3CC(C2)CC1C3)[Si](C)(C)C(C)(C)C",2.98470001785613,0.1907,1.2901810185634819,3.124200018690696,0.1862,1.56865008803134,3.138800018778041
165881,"EHEROY","10.1002/hlca.200390102","CC1=CC2=[N+]([O-])ON=C2C=C1I",3.5304000211208098,0.0805,1.5578690189183362,3.5806000214211338,0.1103,1.8123115238513827,3.5694000213541286
165877,"EHERIS","10.1002/hlca.200390102","CC1=CC2=[N+]([O-])ON=C2C=C1Br",3.5293000211142287,0.0975,1.5489784335498018,3.5987000215294183,0.1155,1.823821858093022,3.6062000215742867
388211,"KUJTEQ","10.1016/j.tet.2015.03.096","ClC1=CC2=[N+]([O-])ON=C2C(=C1)Cl",3.494300020904839,0.1659,1.5934478232424454,3.504200020964067,0.1538,1.7762438397934792,3.5293000211142287
45155,"BBZFRO","10.1107/S0567740872003814","BrC1=CC2=NO[N+](=C2C=C1)[O-]",3.5813000214253217,0.10300000000000001,1.5861889141621894,3.633300021736415,0.1195,1.8461969636614701,3.5977000215234365
919976,"FEHYID","10.1002/slct.201500037","Cc1ccc(cc1)C1=[N+]2C(=NC3=C(c4ccc(C)cc4)C(=C(N3[B-]2(F)F)c2ccc(C)cc2)C(C2=CC=CN2)=C2C=CC=N2)C(=C1)c1ccc(C)cc1",2.2540000134846774,0.8994,1.0903351644721568,2.2514000134691226,0.8994,1.1221033680635366,1.824900010917564
549859,"PIGWUY","10.1055/s-2007-984897","CC(C)(C)C1=CC(C=C(C1=O)C(C)(C)C)=C1c2cccc3cccc(c23)C1=C1C=C(C(=O)C(=C1)C(C)(C)C)C(C)(C)C",2.066300012361752,0.2981,0.9029072259648429,2.228700013333319,0.3478,1.1134381746205635,1.8467000110479832
941663,"HETKUP","10.1002/chem.201704252","CC(C)(C)C1=CC=C2N1[B-](F)(F)[N+]1=NN=[N+]3C1=C2C1=CC=C(N1[B-]3(F)F)C(C)(C)C",2.638800015786764,0.7881,1.2812360920706511,2.636600015773603,0.7861,1.3307461187069598,3.088900018479512
436302,"MBZFZO","10.1107/S0567740872003802","CC1=CC2=NO[N+](=C2C=C1)[O-]",3.5989000215306146,0.1149,1.5997900351730276,3.7140000222192064,0.1326,1.8991464549706307,3.7446000224022726
159129,"ECEGIC","10.1016/S0022-2860(99)00386-5","COC(=O)C1=C(C)NC(=C(C1C1=CC2=NO[N+](=C2C=C1)[O-])C(=O)OC)C",3.5239000210819227,0.057999999999999996,1.6134076462820568,3.663600021917686,0.1251,1.8731234455215493,2.951300017656312
953440,"HICLUD","10.1002/ejoc.201800696","Cc1ccc(cc1)C1=CC(=C2N=C3[N+](=C(C=C3c3ccc(C)cc3)c3ccc(C)cc3)[B-](O)(N12)c1ccccc1)c1ccc(C)cc1",2.1573000129061644,0.6967,1.024939947583893,2.2586000135121966,0.7440000000000001,1.1353852451121964,2.4820000148487003
762768,"VOBRUZ","10.1002/anie.199107041","O=C1OC2=CC(C=CC2=C1c1ccccc1)=C(c1ccccc1)c1ccccc1",2.8146000168384973,1.3215,1.264316052844114,2.910600017412824,1.3299,1.4786149619852798,3.1652000189359812
7020,"AFECUJ01","10.1107/S0108270102003591","ClC1=CC=C(Cl)C2=[N+]([O-])ON=C12",3.433900020543493,0.153,1.5650987301756674,3.4894000208755247,0.1783,1.7846273954097842,3.346200020018823
404521,"LENHER","","CCN(CC)C1=NC(C(=N1)SC)=C1N=C(N=C1SC)N(CC)CC",2.39830001434796,0.5594,1.0827459091875706,2.430000014537607,0.5267,1.2280925291863127,2.9537000176706703
237898,"GEGRUI","10.1021/acsomega.7b00393","CCOC(=O)C=CC1=C(N2C(=C1c1ccccc1)N=C1[N+](=C(C=C1c1ccccc1)c1ccc(OC)cc1)[B-]2(F)F)c1ccc(OC)cc1",2.2394000133973315,0.8737,1.0995263540125255,2.211700013231616,0.8733,1.114152201355296,2.4640000147410137
862009,"YISFIP","","O=C1OC(=CC1=C1C=C(OC1=O)c1ccccc1)c1ccccc1",2.6560000158896644,1.1644,1.307992774877063,2.640700015798131,1.0821,1.3407512007670768,3.0358000181618383
12219,"AJEPOW","10.1039/C5CC05427C","CC(C)[Si](C#CC1=C2N=S=NC2=C(C#C[Si](C(C)C)(C(C)C)C(C)C)C2=NSN=C12)(C(C)C)C(C)C",2.2724000135947566,0.4311,1.026546235646176,2.2599000135199745,0.4057,1.1411091599660597,2.6907000160972596
266818,"HANTAT","10.1021/ja207978v","CC(C)(C)OC(=O)CN1N=C2C(=N1)C(=C1[N-][S+]=NC1=C2C1=CC=CS1)C1=CC=CS1",2.1793000130377806,0.3992,1.0480658152829387,2.1365000127817257,0.3835,1.077732211496259,2.9737000177903217
656889,"SILKED","10.1246/bcsj.63.2828","BrC1=CC(=C(O1)C1=C(Br)C(C(O1)=C1OC(C=C1Br)=C(C#N)C#N)=C(C#N)C#N)Br",2.468000014764944,0.2058,1.1649193939635099,2.454000014681188,0.2392,1.250676073974916,1.946800011646837
898751,"ZUTDEZ","10.1021/jo400215e","Cc1ccc(cc1)S(=O)(=O)Oc1ccccc1C=CC=[N+]([O-])c1ccccc1",3.561700021308064,0.716,1.6982916571601292,3.511400021007141,0.8868,1.8070542026260925,3.521600021068163
740223,"VABNAQ","10.1039/C6CC00237D","COc1ccc2cc3c(OC4=CC5=CC(=O)C=CC5=CC4=C3c3c(F)cccc3F)cc2c1",2.516900015057491,0.6614,1.122194798321776,2.5463000152333777,0.6865,1.3011238049476417,2.4145000144448767
873434,"YULXIN","10.1021/ol902156x","CC[Si](CC)(CC)C#CC1=C2C=C3C=CC=CC3=CC2=C(C#C[Si](CC)(CC)CC)C2=NSN=C12",1.9346000115738493,0.2351,0.8368121322547359,2.022800012101511,0.2359,1.0263241907412637,2.474100014801438
503780,"OCAMAJ","","O=N(=O)C1=CC2=NO[N+](=C2C=C1N(=O)=O)[O-]",3.3749000201905224,0.0693,1.5387416193475212,3.5075000209838088,0.1042,1.8079618383751908,2.773000016589623
385809,"KOYPOD01","10.1107/S0108270102003591","BrC1=CC=C(Br)C2=[N+]([O-])ON=C12",3.375400020193513,0.4717,1.5766385343017069,3.4554000206721183,0.1996,1.7810806634901462,3.3266000199015653
51343,"BEVPEZ","10.1021/ol303490b","CC(C)[Si](C#CC1=C2C=C3C=CC=CC3=CC2=C(C#C[Si](C(C)C)(C(C)C)C(C)C)C2=NSN=C12)(C(C)C)C(C)C",2.04750001224928,0.2547,0.9780438465963742,2.0173000120686067,0.2563,1.0249372264494163,2.4721000147894725
78900,"CALWUA01","10.1039/p29830001025","NC1=NC(C=CC1=O)=NNc1ccccc1",3.159400018901282,0.1758,1.5128401359550951,3.1546000188725656,0.9467,1.6235049477253285,2.9215000174780323
731933,"URANIM","10.1002/anie.201603135","Cc1cc(C)c(c(C)c1)C1=C2C=C3Sc4ccccc4C(=C3C=C2Sc2ccccc12)c1c(C)cc(C)cc1C",2.4317000145477774,0.8501,1.1320273601999358,2.4730000147948568,0.8145,1.2650210998363112,2.593800015517549
961461,"ZICMUW","","Cc1cc(C)c(c(C)c1)C1=C2C=C3Sc4ccc(cc4C(=C3C=C2Sc2ccc(cc12)C(C)(C)C)c1c(C)cc(C)cc1C)C(C)(C)C",2.401200014365309,1.0115,1.0771156014982906,2.430600014541197,0.9327,1.243344510497719,2.574200015400291
741050,"VADMUI","10.1002/cber.19881210910","ClC1=C(Cl)C(=C(Cl)C(=C2C=CC(C=C2)=C(Cl)c2c(Cl)c(Cl)c(Cl)c(Cl)c2Cl)C(=C1Cl)Cl)Cl",3.3756000201947103,1.0654,1.6712601393570534,3.349200020036771,1.1404,1.7310443686392814,3.1875000190693923
577129,"QAWVIW","10.1002/adsc.201601151","Cc1ccc2[N+](=C(c3ccccc3)C(c2c1)=C(c1ccccc1)c1ccccc1)[O-]",3.0447000182150834,0.2208,1.3869493297343112,3.0576000182922582,0.2059,1.5785721753723685,2.8089000168043965
164843,"EGOLIW","10.1021/ol801464k","CC(C)[Si](C#Cc1c2cc3ccccc3cc2c(C#Cc2ccc(C)cc2)c2cc3ccccc3cc12)(C(C)C)C(C)C",1.9750000118155449,0.3037,0.9731898797289944,1.927600011531972,0.3036,0.9859756932151836,2.2713000135881756
76165,"CADMOK","10.1021/ol0167356","C[Si](C)(C)C#Cc1c2cc3ccccc3cc2c(C#C[Si](C)(C)C)c2cc3ccccc3cc12",2.007200012008183,0.2109,0.9732051180981492,1.9766000118251168,0.2025,1.0138042324844545,2.266800013561254
629709,"ROMXUO","","CC[Si](CC)(CC)C#Cc1c2cc3ccccc3cc2c(C#C[Si](CC)(CC)CC)c2cc3ccccc3cc12",2.015500012057838,0.23600000000000002,0.9922862855197154,1.969500011782641,0.2169,1.0116031035433248,2.265800013555272
76169,"CADMUQ","10.1021/ol0167356","CC(C)(C)[Si](C)(C)C#Cc1c2cc3ccccc3cc2c(C#C[Si](C)(C)C(C)(C)C)c2cc3ccccc3cc12",1.9914000119136588,0.2244,0.9641203250865762,1.9713000117934087,0.22,1.0126023056030555,2.266100013557066
153274,"DUPRIP","10.1021/ja00279a056","c1ccc(cc1)C(c1ccccc1)=C1C=CC(C=C1)=C(c1ccccc1)c1ccccc1",2.8580000170981403,1.4348,1.3556328351404268,2.995400017920143,1.4238,1.5519466514345748,3.4935000209000533
250735,"GOCQIA","10.1016/j.tetlet.2013.10.006","CC[Si](CC)(CC)C#Cc1c2cc3ccccc3cc2c(C#C[Si](C(C)C)(C(C)C)C(C)C)c2cc3ccccc3cc12",1.9865000118843439,0.2392,0.9672471853513896,1.969100011780248,0.2275,1.0125225762465762,2.2660000135564684
746463,"VATNIP","10.1007/s11030-009-9202-4","[O-][N+]1=C2C=C(C=Cc3ccccc3)C=CC2=NO1",3.4169000204417896,0.20800000000000002,1.5402226261938825,3.4004000203430773,0.3567,1.7656382024684023,2.81960001686841
99936,"CIZDEV","10.1039/b717082c","CC[Si](C#Cc1c2cc3ccccc3cc2c(C#C[Si](CC)(C(C)C)C(C)C)c2cc3ccccc3cc12)(C(C)C)C(C)C",1.9760000118215275,0.3572,0.9325496761403232,1.9638000117485401,0.4715,1.010697236537205,0.7132000042667577
681503,"TATLOQ","10.1021/ol050872b","CC(C)[Si](C#Cc1c2cc3ccccc3cc2c(C#C[Si](C(C)C)(C(C)C)C(C)C)c2cc3cc(Br)c(Br)cc3cc12)(C(C)C)C(C)C",1.9880000118933177,0.2353,0.9830175435477724,1.9430000116241029,0.218,1.000452150062357,2.234600013368616
312624,"ILISEB","10.1107/S1600536803019792","CCCCNC1=CC(=C2C(=O)C(=CC(=C2C1=O)O)NCCCC)O",2.4128000144347066,0.4611,0.7837765985588429,2.7118000162234908,0.4487,1.4060324019574353,2.4096000144155627
873290,"YULLOH","10.1002/chem.200902179","CC(C)[Si](C#Cc1c2cc3ccccc3cc2c(C#Cc2cc3ccccc3c3ccccc23)c2cc3ccccc3cc12)(C(C)C)C(C)C",1.957400011710252,0.3646,0.9673625616165332,1.9271000115289805,0.3278,0.993354604496618,2.2687000135726207
813866,"XAVKAI","10.1002/adma.201103759","CC(C)[Si](C#Cc1c2cc3nccnc3cc2c(C#C[Si](C(C)C)(C(C)C)C(C)C)c2cc3nccnc3cc12)(C(C)C)C(C)C",2.06010001232466,0.2544,1.0277160530924925,1.9829000118628068,0.2334,1.0230601850983718,2.3691000141732688
99928,"CIZCIY","10.1039/b717082c","CCCCCCC#Cc1c2cc3ccccc3cc2c(C#CCCCCCC)c2cc3ccccc3cc12",2.0291000121392013,0.1906,0.9849892805072916,2.011500012033908,0.183,1.0397228046161182,2.2820000136521887
99930,"CIZCOE","10.1039/b717082c","CCCCCC#Cc1c2cc3ccccc3cc2c(C#CCCCCC)c2cc3ccccc3cc12",2.0605000123270534,0.1901,1.0279478940914195,2.0075000120099773,0.1767,1.0379205945992942,2.2809000136456077
99926,"CIZCEU","10.1039/b717082c","CCCCC#Cc1c2cc3ccccc3cc2c(C#CCCCC)c2cc3ccccc3cc12",2.0153000120566413,0.0801,0.9743104445509542,2.0085000120159604,0.1754,1.0385655044230415,2.280600013643814
813870,"XAVKEM","10.1002/adma.201103759","CC(C)[Si](C#Cc1c2cc3ccccc3cc2c(C#C[Si](C(C)C)(C(C)C)C(C)C)c2cc3nccnc3cc12)(C(C)C)C(C)C",2.0136000120464708,0.2365,0.9729036159601048,1.949700011664186,0.2222,1.0080577321847382,2.3083000138095304
76161,"CADMIE","10.1021/ol0167356","CC(C)(C)C#Cc1c2cc3ccccc3cc2c(C#CC(C)(C)C)c2cc3ccccc3cc12",2.0641000123485904,0.1945,1.028920428985021,2.0076000120105757,0.1806,1.0394814396465235,2.281300013648001
924962,"MELCAK","10.1039/C4TC01992J","CC(C)[Si](C#CC1=C2N=C3C(=C(F)C(=C(F)C3=NC2=C(C#C[Si](C(C)C)(C(C)C)C(C)C)C2=NSN=C12)F)F)(C(C)C)C(C)C",2.089500012500547,0.3053,1.0380805975465728,2.034600012172105,0.2936,1.0542710995396891,2.4058000143928293
739101,"UZANAM","10.1039/C4TC01992J","CC(C)[Si](C#CC1=C2N=C3C=CC=CC3=NC2=C(C#C[Si](C(C)C)(C(C)C)C(C)C)C2=NSN=C12)(C(C)C)C(C)C",2.1316000127524126,0.3307,1.0289783892471267,2.108200012612421,0.3119,1.0933833838367566,2.4824000148510925
398442,"LASHEV","10.1080/00397911.2016.1249290","CC1=CC(=C(N1)C1=[N+]([O-])c2ccccc2C1=O)C",2.2712000135875767,0.0645,0.9648109500425368,2.359100014113444,0.0002,1.2270119650857043,0.7664000045850295
98626,"CIVMOL","10.1016/j.dyepig.2013.04.010","CCOC(=O)C1=C(N(C)C(=O)C1=C1C(=O)N(C)C(=C1C(=O)OCC)c1ccccc1)c1ccccc1",2.406900014399409,0.3932,1.1329490098033437,2.4676000147625508,0.3988,1.286701498753271,2.6018000155654097
98622,"CIVMIF","10.1016/j.dyepig.2013.04.010","COC(=O)C1=C(N(C)C(=O)C1=C1C(=O)N(C)C(=C1C(=O)OC)C1=CC=CS1)C1=CC=CS1",2.2759000136156957,0.5418,1.1173770225973798,2.2783000136300537,0.5026,1.189444743220017,2.548200015244745
385950,"KOZHEO","10.1039/C4RA12791A","CC(C)(C)C1=CC(=CC=CC=C2SC(C=C2)=C(C#N)C#N)C=C(O1)C(C)(C)C",2.408900014411375,2.0555,1.1022981056836891,2.461400014725459,2.0833,1.2864549636071347,2.3083000138095304
119198,"DADSOR","10.1002/ejoc.200400021","CN(C)c1ccc(cc1)C(=C=C=C1C=C(C(=O)C(=C1)C(C)(C)C)C(C)(C)C)c1ccc(cc1)N(C)C",2.4203000144795763,1.3569,1.0679355686501106,2.5603000153171336,1.3915,1.3386404136279213,2.793300016711069
681511,"TATMAD","10.1021/ol050872b","CC(C)[Si](C#Cc1c2cc3c(F)c(F)c(F)c(F)c3cc2c(C#C[Si](C(C)C)(C(C)C)C(C)C)c2cc3c(F)c(F)c(F)c(F)c3cc12)(C(C)C)C(C)C",1.9956000119387851,0.2552,0.963436230862021,1.9925000119202398,0.2417,1.0405432278858333,2.210000013221445
827163,"XIQPIX","10.3987/COM-99-8741","CN1C(=O)C(C=C1c1c(C)cc(C)cc1C)=C1C=C(N(C)C1=O)c1c(C)cc(C)cc1C",2.6587000159058167,0.4745,1.3104543167662457,2.6969000161343506,0.4201,1.4147988217712235,2.7160000162486178
667596,"SOYLAV","10.1039/C4TC02859G","CC(C)[Si](C#Cc1c2cc3nccnc3cc2c(C#C[Si](C(C)C)(C(C)C)C(C)C)c2cc3c(Cl)c(Cl)c(Cl)c(Cl)c3cc12)(C(C)C)C(C)C",1.852400011082084,0.1641,0.9181205671221356,1.9754000118179376,0.2258,1.0384928500137265,2.237100013383572
539613,"PCHSYD10","10.1107/S0567740879009614","O=C1O[N-][N+](=C1C1=CCCCC1)c1ccccc1",3.965300023722623,0.2325,1.8937492400155007,3.936500023550325,0.1992,2.072053282759194,3.9330000235293854
194516,"FAMWAR","","S(N=C1C=CC(C=C1)=NSc1ccccc1)c1ccccc1",2.964200017733487,1.3612,1.410001726691123,2.9271000175115347,1.3912,1.5418558535208928,2.8870000172716344
602116,"QURREB","10.1016/j.molstruc.2010.05.029","[O-][N+](=CC1=CC=C(O1)C=[N+]([O-])c1ccccc1)c1ccccc1",3.1792000190197363,1.3038,1.5503074376104786,3.1662000189419635,1.3677,1.6678853833850529,2.123300012702757
813837,"XAVHOT02","10.1021/acsami.5b01172","CC(C)[Si](C#Cc1c2nc3ccccc3nc2c(C#C[Si](C(C)C)(C(C)C)C(C)C)c2nc3ccccc3nc12)(C(C)C)C(C)C",1.9101000114272768,0.247,0.8793051590270776,1.9717000117958023,0.2495,1.039964713832407,2.4024000143724886
628094,"ROHHUT","10.1016/j.tet.2014.03.066","C[n+]1ccc(c(C)c1)c1cc(c([O-])c(c1)C(C)(C)C)C(C)(C)C",2.859400017106516,0.8465,1.3703279898873306,3.028200018116371,0.9207,1.5968746345911031,3.0172000180505627
128736,"DEDYEQ","10.1021/ja00306a037","CCSC1=C2C(=S=C(SCC)C2=C(S1)SC(C)(C)C)SC(C)(C)C",2.3992000143533443,0.2665,1.1791735338195473,2.334200013964478,0.2476,1.2322104280826789,2.825800016905502
632095,"RUDTIV","10.1021/jo501103e","[O-][N+]1=C2C=C(SC32c2ccccc2C1c1ccccc31)c1ccccc1",3.2396000193810828,0.1024,1.5115254995239282,3.364500020128304,0.3547,1.77526831162968,3.6300000217166715
37907,"BAGQEF","10.1021/jo981314w","COc1ccc(Nc2n[n+]([O-])c3ccccc3[n+]2[O-])cc1",2.8776000172153986,0.0792,1.2228216838971828,2.833500016951568,0.0872,1.4972487742467866,1.1464000068584002
324099,"ITITIO","10.1016/j.jfluchem.2003.11.011","FC1=CC2=NO[N+](=C2C=C1N1CCOCC1)[O-]",3.6665000219350334,0.0922,1.2923506095025723,3.534000021142347,0.1441,1.8664412001277304,3.427600020505804
572829,"QAKLAS","10.1002/chem.201600004","N#Cc1c2cc3ccccc3cc2c(C#N)c2cc3ccccc3cc12",2.010000012024934,0.0909,0.9978659800297748,2.004100011989637,0.0868,1.063081057554598,2.2110000132274266
318391,"IPUPOZ","10.1039/c0cp01282c","O=N(=O)C1=CC(=CC2=[N+]([O-])ON=C12)C#N",3.2773000196066246,0.1494,1.5640123428445574,3.2688000195557736,0.1698,1.72859912637989,2.6640000159375252
898179,"ZUQKUT","10.1021/acs.orglett.5b01923","c1ccc(cc1)N1N=C(N=C2C=C3N=C(N(N=C3C=C12)c1ccccc1)c1ccccc1)c1ccccc1",2.4628000147338347,0.1253,1.0887838434141566,2.4982000149456174,0.1881,1.327917767347116,2.3297000139375568
473700,"NAZBAR","","CN1C=CC(C=C1)=C1C(=C2N(C)CCN(C)C2=C1C#N)C#N",2.8093000168067896,0.8625,1.3883562127628228,2.8388000169832748,0.8312,1.5085378254973312,2.406900014399409
67427,"BRPSYD10","10.1107/S056774087900371X","BrC1=C([O-])ON=[N+]1c1cccnc1",4.194900025096216,0.113,2.066439927784601,4.123300024667866,0.1102,2.184930815524834,4.281700025615503
410192,"LIJGIV","10.1107/S1600536807032576","CCc1ccc(cc1)C(=C=C=C=C=C(c1ccc(CC)cc1)c1ccc(CC)cc1)c1ccc(CC)cc1",2.608300015604296,1.5031,1.2604408795031423,2.68550001606615,1.4934,1.4316404922023327,2.7218000162833165
141695,"DNBZFX","10.1107/S0567740872004522","O=N(=O)C1=CC2=[N+]([O-])ON=C2C(=C1)N(=O)=O",2.9212000174762376,0.1241,1.0483124320623671,3.2875000196676467,0.1619,1.7486229778181719,2.6560000158896644
225742,"FUSJOT","","O=N(=O)C1=CC2=[N+]([O-])ON=C2C2=C1C(=NO2)C1OCCO1",3.6531000218548684,0.1041,1.7301319709141298,3.685000022045712,0.1345,1.9594948307046167,2.8630000171280527
388214,"KUJTOA","10.1016/j.tet.2015.03.096","ClC1=CC2=[N+]([O-])ON=C2C(=C1)N1CCOCC1",3.3602000201025786,0.2118,1.629126847083461,3.3718000201719764,0.2203,1.7951040507787732,3.0776000184119088
225739,"FUSJIN","","O=N(=O)C1=CC2=[N+]([O-])ON=C2C2=C1C(=NO2)C#N",3.5674000213421637,0.2199,1.7289471872096311,3.63530002174838,0.1526,1.9360909714937813,2.7360000163682687
327604,"IWUQIC","10.1021/acs.joc.6b00758","N=C1C(C(=[N+]([O-])C1(Cc1ccccc1)C#N)c1ccccc1)=C(c1ccccc1)c1ccccc1",3.443400020600328,0.3269,1.7106325644973883,3.445400020612293,0.3669,1.8383478396631503,3.012100018020052
8218,"AFUSAW","10.1021/ol8008667","FC(F)(F)c1ccc2N=C3C=C4Oc5cc(ccc5N=C4C=C3Oc2c1)C(F)(F)F",2.8286000169222527,1.1382,1.3019338878704607,2.893000017307529,1.1763,1.5507330236699777,2.8114000168193534
528033,"OXTPTZ","","[O-]C1=NN([N+](=N1)c1ccccc1)c1ccccc1",3.4897000208773195,0.096,1.7203327974049991,3.4536000206613493,0.1351,1.845654450298096,3.67540002198828
554605,"PMBSYD","10.1107/S0567740878009164","CC(C)C(=C)C1=[N+]([N-]OC1=O)c1ccccc1",4.0833000244285635,0.1417,2.0118082286567014,4.026000024085763,0.1365,2.146975151137224,4.0663000243268606
197005,"FATRIE","10.4236/ijoc.2016.62016","CN(C)c1ccc(cc1)[N+]([O-])=CC1=C(C#N)C(=C(C#N)C1(C)NC(=O)C(F)(F)F)c1ccccc1",2.850100017050878,0.7009,1.2927633790053226,2.8618000171208737,0.6759999999999999,1.5349754548192456,2.7830000166494493
891927,"ZODYUX01","10.1021/cm00060a021","ClC1=C2Oc3ccccc3N=C2C(=C2Oc3ccccc3N=C12)Cl",2.7224000162869046,1.0093,1.1283497415040908,2.870100017170529,1.0138,1.5404433105377433,2.5959000155301126
800720,"WOYVUB","10.1107/S1600536802010668","O=C(NNC1=NC(=CS1)c1[n+](noc1[O-])c1ccccc1)c1ccccc1",4.1411000247743575,0.3033,2.029600066233617,3.906600023371447,0.2606,2.086323558941316,3.539300021174053
711553,"TUXCUK","","CCOc1c2ccccc2c(c2ccccc12)C1=C2C=CC(C=C2Oc2ccccc12)=C1C(=O)CC(C)(C)CC1=O",2.435700014571708,0.7118,1.2063835583016655,2.6404000157963363,0.8987,1.4217831679657886,2.134500012769762
135514,"DIFQEP","10.1002/ejoc.200700177","COc1cc(C)c(c(C)c1)C1=C2C=CC(C=C2Oc2ccccc12)=C(C#N)C#N",2.7475000164370686,0.7803,1.3534953808413293,2.8024000167655103,0.7956,1.5084797291890195,3.1005000185489093
16125,"ALONAQ","10.1021/ja0372006","CC1(C)CC(C)(C)C2=[N+]([O-])c3ccccc3C2=C1",3.7255000222880055,0.14800000000000002,1.8316191716362151,3.642200021789659,0.1382,1.9509875993364107,3.3929000202982085
628279,"ROHWIW","10.1016/j.tet.2014.03.066","C[n+]1ccc(cc1)c1cc(c([O-])c(c1)C(C)(C)C)C(C)(C)C",3.106700018586001,0.9857,1.5170949625438548,3.195100019114859,1.031,1.7161566933590249,2.9426000176042644
940533,"GEZHOL","10.1016/j.tet.2018.04.015","O=P1(OC(c2ccccc2)C2=C(ON=[N+]2c2ccccc2)[N-]1)Oc1ccccc1",4.040300024171314,0.1578,1.9294643461612988,4.028900024103113,0.1523,2.1553637408622097,4.285700025639433
78083,"CAJYOE","10.1080/1536383X.2013.794342","CCN(CC)c1ccc(cc1)C(=C1C=CC(C=C1)=C(C#N)C#N)C(c1ccccc1)=C(C#N)C#N",2.2380000133889566,0.9028,0.8826254922291158,2.498300014946216,0.8504,1.3511263576604644,2.59320001551396
940532,"GEZHIF","10.1016/j.tet.2018.04.015","FC(F)(F)c1ccc(cc1)C1OP(=O)(Oc2ccccc2)[N-]C2=C1[N+](=NO2)c1ccccc1",4.081700024418991,0.2131,1.9325982813794635,4.1032000245476175,0.1668,2.1962899360902357,4.255900025461154
182800,"EVAWON","10.1055/s-2003-44357","Cc1ccc(cc1)[N+]1=NOC(=C1C1=NNC(C1)c1ccccc1)[O-]",3.559000021291911,0.3042,1.7048014367941855,3.6479000218237596,0.266,1.959075503259364,3.4475000206248554
836390,"XOZJAZ","10.1016/j.mencom.2014.11.027","CC(C)[n+]1noc2[N-]C(=O)C(C)Sc12",3.958100023679549,0.2444,1.962135151393096,3.999600023927824,0.262,2.145354849211351,3.812700022809684
224868,"FUPPIR","10.1002/aelm.201500072","CC(C)[Si](C#CC1=C2Oc3cccc(C#N)c3N=C2C(=C2Oc3cccc(C#N)c3N=C12)C#C[Si](C(C)C)(C(C)C)C(C)C)(C(C)C)C(C)C",2.5800000154349902,0.4464,1.232245530757023,2.6863000160709363,0.9129999999999999,1.4546700316023191,2.211600013231017
184348,"EWAYIL","10.1021/ja201076c","[O-][N+]1=C(c2ccccc2)C(=CC=Cc2ccccc2)C1c1ccccc1",3.727700022301168,0.2277,1.8230297346738344,3.758600022486028,0.8852,2.0190254498935447,2.831700016940798
847818,"YAPRIT","10.1002/anie.201611816","C=CCC12CCC=CC1=CC(=[N+]2[O-])c1ccccc1",3.464800020728353,0.0731,1.6789813698741125,3.5328000211351682,0.1518,1.9003740149717137,1.5210000090994649
630177,"ROPXIF","10.1002/anie.201410316","c1ccc2c(c1)cc1cccc3cc4c(cc5cccc6cc7ccccc7c4c56)c2c13",2.225400013313576,0.6087,1.1042916117561428,2.2412000134081014,0.5846,1.2213220644684817,1.9848000118741729
926752,"OJAQIB01","","F[B-]1(F)N(N=C(N=[N+]1c1ccccc1)c1cccc(c1)C1=NN(c2ccccc2)[B-](F)(F)[N+](=N1)c1ccccc1)c1ccccc1",2.673700015995556,0.3096,1.323691022917012,2.802200016764313,0.2499,1.5195868723393322,1.2070000072209428
236942,"GECXUI","10.1016/j.bmc.2006.04.021","[O-][N+]1=C2C=CC=CC2=C(C#N)N1c1cccc2ccccc12",3.568600021349343,0.163,1.7535450275686533,3.4858000208539885,0.1458,1.8819933774506992,3.19560001911785
299635,"IBUKEX","10.1021/ic200388y","CC(C)(C)N=C1C(Nc2ccccc12)=C1Nc2ccccc2C1=NC(C)(C)C",2.3737000142007894,0.4793,0.9123392362528606,2.5081000150048443,0.4263,1.3723716465348834,2.842300017004214
224648,"FUNWES","10.1002/aelm.201500072","CC(C)[Si](C#CC1=C2Oc3cc(ccc3N=C2C(=C2Oc3cc(ccc3N=C12)C#N)C#C[Si](C(C)C)(C(C)C)C(C)C)C#N)(C(C)C)C(C)C",2.6628000159303453,0.99,1.3096262743274207,2.683400016053586,1.0322,1.4662060261809264,2.2495000134577556
357596,"KABLAA","","CCN(CC)c1ccc(N=C2C=CC(=C(C#N)C#N)c3ccccc23)c(NC(C)=O)c1",2.0409000122097947,0.7695,1.008748629264046,2.0614000123324376,0.7448,1.1403624795557379,2.387000014280357
645520,"SAWVOC","","Fc1ccc(cc1)C1=[N+]([O-])c2ccccc2C1=O",2.7999000167505543,0.077,1.2480473725456251,2.9249000174983726,0.0828,1.5968681854929898,2.831400016939004
645552,"SAWXIY","","Clc1ccc(cc1)C1=[N+]([O-])c2ccccc2C1=O",2.7104000162151154,0.096,1.1175696792078738,2.9336000175504213,0.1026,1.604165843581029,2.8241000168953314
200810,"FEFLEK","10.3762/bjoc.12.245","CCC1=CN2C=C(C=C2C=C1)C1=[N+]([N-]OC1=O)c1ccccc1",3.873400023172826,0.4069,1.9210407898081745,3.826900022894637,0.4101,2.0741791177929176,2.9672000177514355
645558,"SAWXUK","","Cc1ccc2C(=O)C(=[N+]([O-])c2c1)c1ccccc1",2.888600017281206,0.0665,1.3266003009339895,2.9334000175492245,0.0713,1.6097862463164372,2.826500016909689
299631,"IBUKAT","10.1021/ic200388y","Cc1cc(C)c(N=C2C(Nc3ccccc23)=C2Nc3ccccc3C2=Nc2c(C)cc(C)cc2C)c(C)c1",2.4227000144939344,0.6028,1.1750907376098998,2.515300015047919,0.5372,1.3912430141814305,2.841000016996437
69098,"BUGFOY","","Clc1ccc(cc1)[N+]1=NOC(=O)[C-]1c1ccc(Cl)cc1",3.9184000234420413,0.2803,1.9535526805489585,3.849300023028648,0.2792,2.1021018084487166,3.8033000227534486
845122,"YAHCEP","","CCCCc1ccc(NC2=CC(=C3C(=O)c4ccccc4C(=C3C2=O)Nc2ccc(CCCC)cc2)O)cc1",2.340900014004561,0.4083,1.1305620271126604,2.3732000141977982,0.4575,1.3283300198390182,2.5372000151789367
213309,"FIXPOR","10.1107/S0108270187092801","CC(=NO)[C-]1[N+](=NOC1=O)c1ccccc1",4.183900025030408,0.2664,1.9543640968402924,4.1020000245404376,0.1186,2.2395028944827584,4.039600024167126
315481,"INDIGO","","O=C1C(Nc2ccccc12)=C1Nc2ccccc2C1=O",2.389800014297108,0.415,0.9657140959110871,2.5606000153189292,0.3126,1.4331529826161642,2.8103000168127723
748765,"VEBJIW","10.1021/ja0570786","c1ccc(cc1)c1c2cc3ccccc3cc2c(c2ccccc2)c2cc3ccccc3cc12",2.1048000125920803,0.1234,1.022592965633123,2.190600013105384,0.1108,1.2443853459817609,2.2940000137239798
209062,"FIHTUM","10.1055/s-2004-834882","Cc1ccc(cc1)[N+]1=NOC(=C1C1=NNC(=N1)C1=CC=CS1)[O-]",4.145300024799482,0.3508,2.0710038212676007,4.149100024822216,0.2743,2.274677500895661,3.3280000199099407
84623,"CBPAZO","10.1007/BF01200807","Clc1cccc2ccc3[n+]([O-])c4ccccc4nc3c12",3.467500020744507,0.1903,1.7184128437142574,3.4016000203502568,0.1716,1.8828425359237493,3.1972000191274232
815522,"XAZJEQ","10.1080/00397911.2017.1279630","ClCC1=NC(=NO1)C1=C([O-])ON=[N+]1c1ccc(Br)cc1",4.196200025103994,0.2192,2.0857662697788792,4.206000025162624,0.1966,2.305984743617476,3.971400023759116
67398,"BROPSY","10.1107/S0365110X63001304","Brc1ccc(cc1)[N+]1=NOC(=O)[CH-]1",3.6270000216987235,0.0598,1.6145924299865555,4.147400024812046,0.0633,2.2752056738684647,4.024400024076192
74014,"BUYYOJ","10.1039/c39830001010","Cc1cc(C)c(c(C)c1)[Si](c1c(C)cc(C)cc1C)=[Si](c1c(C)cc(C)cc1C)c1c(C)cc(C)cc1C",3.1315000187343687,0.3809,1.4733462936148682,2.9311000175354645,0.2568,1.6369250858163356,3.1309000187307787
155290,"DUXFOS","10.1016/j.tet.2010.01.040","CC1(C)CC(=[N+]([O-])C1O)C=Cc1ccccc1",3.82220002286652,2.4027,1.851488489619643,3.9192000234468254,0.8333,2.1650108843621854,3.642100021789061
710430,"TUSLIE","10.1016/j.poly.2015.09.034","Brc1cc(Br)cc(c1)C1=C(NC(=C1)c1ccccc1)N=C1N=C(C=C1c1cc(Br)cc(Br)c1)c1ccccc1",2.2519000134721137,0.5586,1.0772796861720326,2.4755000148098127,0.7468,1.4129674955214564,2.440500014600424
92448,"CFDAMZ","","CN(C)N=CC(C#N)=C(C=NN(C)C)C#N",3.3527000200577097,1.1449,1.6472115608032447,3.4433000205997284,1.073,1.9223589365080127,3.2528000194600533
83127,"CAXBEI","10.1039/c39840000057","S1N=C(N=C2SN=S=C2c2ccccc2)C(=N1)c1ccccc1",2.66310001593214,0.1047,1.314636162421803,2.781600016641073,0.0994,1.5748945566888977,2.9036000173709446
392196,"KUZFAO","10.1002/ejoc.201501182","COc1ccc(cc1)C1=C2NC(=C(c3ccc(cc3)N(=O)=O)C3=NC(=C(C4=CC=C(O4)C(=C(C)C4=CC=C1O4)C)c1ccc(OC)cc1)C=C3)C=C2",1.903000011384801,0.2621,0.9319649034974,2.0386000121960355,0.064,1.1856577347684885,0.9585000057342784
140513,"DIYTOW","10.1039/C4RA01639D","COC(=O)CC1=C2C=CC=CC2=CS1",3.3248000198907963,0.1232,1.622874813678988,3.8763000231901747,0.1,2.1568325297928688,3.840500022976
127520,"DCINDG","10.1007/BF00440351","Clc1ccc2C(=O)C(Nc2c1)=C1Nc2cc(Cl)ccc2C1=O",2.5769000154164443,0.3753,1.2512205737917022,2.613600015636004,0.3416,1.4937994590762866,2.802900016768501
461279,"MUNHEK","10.1016/j.orgel.2014.09.038","Brc1ccc(cc1)C1=C2C(=O)NC(=C2C(=O)N1)c1ccc(Br)cc1",2.641600015803516,0.5518,1.2291418001847572,2.8173000168546505,0.7069,1.6084785760313554,3.1083000185955734
912430,"TEFVAE","10.1039/C7DT02357J","Cc1cc(C)c(c(C)c1)[Si](C1=CC=CS1)=[Si]1C(CCC1([Si](C)(C)C)[Si](C)(C)C)([Si](C)(C)C)[Si](C)(C)C",3.024500018094236,0.1014,1.498760366675847,2.943500017609648,0.0,1.6943098151793892,2.5963000155325053
209055,"FIHTIA","10.1055/s-2004-834882","ON=C(Cl)C1=C([O-])ON=[N+]1c1ccccc1",4.169600024944858,0.2765,1.9834721426398203,4.241300025373806,0.1337,2.3781743712428494,4.120600024651712
876701,"YUZCEC","10.1021/ja101654b","C[Si](C)(C)C1(CCC([Si](=[Si]1c1ccccc1)c1ccccc1)([Si](C)(C)C)[Si](C)(C)C)[Si](C)(C)C",3.0670000183484936,0.3194,1.5196138116102471,3.0168000180481696,0.2581,1.7500207722473855,3.1195000186625776
231547,"GALTOC10","10.1039/p19900002527","CC1=CC(=NO1)N=C1[N-][N+](=NC21CCCC2)c1ccc(cc1)N(=O)=O",3.195200019115457,0.1598,1.5322235674470848,3.209800019202804,0.1763,1.905232879886101,2.7596000165094567
658687,"SISCAY","10.1002/hc.520010604","S(N=S=Nc1ccccc1)N=S=Nc1ccccc1",2.465700014751184,1.0444,1.1790870016145023,2.519600015073644,1.0203,1.5588463702380273,1.74370001043178
627734,"ROGFUP","10.1107/S1600536808028110","CC1(C)OC(=C(C#N)C#N)C(=C1C=CC=CC=CN1CCCC1)C#N",2.5465000152345745,2.1222,1.2671977385238422,2.80700001679303,2.1277,1.7193951747142482,2.684500016060167
845167,"YAHGIZ","10.1107/S1600536811042036","CC1(C)OC(=C(C#N)C#N)C(=C1C=CC=CC=CC=C1N(CCO)c2ccccc2C1(C)C)C#N",2.1781000130306016,2.7819,0.9939918951388816,2.4557000146913586,2.5563,1.5440667785560371,2.3649000141481427
757003,"VIFYUF","10.1002/chem.200601735","CN(C)c1ccc(cc1)C#CC(=CC=C(C#N)C#N)C#Cc1ccc(cc1)N(C)C",2.175500013015047,0.1698,1.0196125026308316,2.8638000171328386,0.9964,1.8100447338457453,2.5117000150263813
690521,"TEYGOT","10.1021/jo951907w","CCN(CC)c1ccc(N=C2C=C3Cc4cccc(Cc5cccc(Cc6cccc(CC(=C2)C3=O)c6O)c5O)c4O)c(C)c1",2.3142000138448267,0.4786,1.0511251913026038,2.339600013996784,0.5406,1.5384596005654916,2.7687000165638977
687227,"TELKIG","","COc1cccc(c1)C(C)=C1C(=O)OC(=C1C(C)C)C(=C)C#N",2.412100014430519,0.1916,0.9219769646049024,3.843400022993349,0.5906,2.426693903469551,3.4395000205769954
545099,"PESLEG","10.1055/s-0032-1316844","BrCCCCCCN1C(=O)C(c2ccccc12)=C1C(=O)N(CCCCCCBr)c2ccccc12",2.39430001432403,0.3521,1.1249621962111875,2.8310000169366116,0.1903,2.0297051021766133,2.6542000158788954
955979,"OWEDEB","","CC1(C)CC(=CC(=C1)O)C=Cc1ccccc1Cl",2.9955000179207416,0.4098,1.3421444236793567,3.7235000222760406,0.7433,2.518710018359574,3.494800020907831
490583,"NOHTUA","10.1524/zkri.2008.0042","FC(F)(F)c1ccc2SC(C(=O)Nc2c1)=C1Sc2ccc(cc2NC1=O)C(F)(F)F",2.5438000152184217,0.5434,1.0594790865258918,3.2928000196993548,0.4609,2.322854169677167,3.525100021089102
19576,"ANTCEN17","10.1080/10587250210538","c1ccc2cc3ccccc3cc2c1",3.208900019197418,0.0819,1.4183866428808531,3.6133000216167632,0.0348,2.4940638505813446,2.2765000136192852
952870,"EZOZEZ02","10.1107/S2053229614017549","FC1=C(F)C(=Nc2ccc(I)cc2)C(=C(F)C1=Nc1ccc(I)cc1)F",2.175500013015047,0.6072,0.8480882580948623,2.6436000158154807,0.601,2.058423181620397,2.342900014016527
672695,"SUSREF","10.1515/znb-2015-0048","CC1(C)CNC(=C1O)C1=C(O)C(C)(C)CN1",3.159300018900684,0.23,1.3842228850072469,4.8458000289902605,0.47100000000000003,3.22878583223226,4.68940002805459
560533,"POWDEM","10.1021/ol5020587","CCN(CC)C(=O)C=C(N(Cc1ccccc1)S(=O)(=O)c1ccc(C)cc1)C1=CC(=O)OC=C1",3.061200018313795,0.0535,1.1817507240972205,4.234900025335519,0.0596,2.972946131520327,3.5873000214612167
372330,"KETSOT","10.1016/j.tet.2013.03.093","COC(=O)C1=C(c2ccc(OC)cc2)C(C#N)(C#N)C(=C1C(F)(F)F)NC(C)(C)C",2.0707000123880754,0.0553,0.8656020497439807,3.767800022541069,0.3117,2.7570569890375127,3.78200002262602
326956,"IWIMUW","","CCOC(=O)C1=C(SC2=C1CC=CC2)N=CC(=NNc1ccccc1C(=O)OC)C(C)=O",3.2170000192458765,0.413,1.5006357753363058,3.0787000184184903,0.3167,2.40212365545706,2.8042000167762784
217987,"FONTOT","10.1039/C4PY01315H","CC(C)(C)c1ccc(cc1)N1C(=O)C(=C2N(C(=O)C(=C12)C1=CC=C(Br)S1)c1ccc(cc1)C(C)(C)C)C1=CC=C(Br)S1",2.220100013281869,0.9156,0.9132470080481646,2.8663000171477955,0.0,2.2995016311371743,2.2617000135307426
543407,"PEMSAC","10.1002/chem.200600192","COC(=O)C(NC(=O)OCc1ccccc1)=CC1=CC=C(O1)c1cccc(c1)C(F)(F)F",3.1838000190472564,0.2179,1.3491788388250097,3.8498000230316376,0.8166,2.8366345077116035,3.6069000215784754
527588,"OXIJAH","10.1021/jo101497f","CC1=C(C#Cc2ccccc2)C(=C)C(C1c1ccccc1)c1ccccc1",4.276900025586787,0.5254,2.057449558264344,4.478400026792272,0.899,3.1804479087837194,3.7420000223867182
773429,"VUWYUJ","10.1002/ejoc.201500633","Cc1ccc(CC2=C(C=CS(=O)(=O)C2)c2ccccc2)cc1",2.718900016265967,0.1113,0.9615126580582192,4.562700027296602,0.1573,3.2535556485512926,4.256500025464741
539466,"PBOPOS","","COP(=O)(OC)C1(C2CC=CC=CC12)c1ccccc1",3.460500020702629,0.0954,1.4529184347399666,5.0615000302806985,0.0936,3.55526324085505,4.2870000256472105
8325,"AFZPYM","10.1021/ja00755a027","NC1=NC=NC2=NON=C12",3.8713000231602632,0.1387,1.6827626095095995,4.219100025240995,0.0003,3.155718691861113,3.9777000237968063
74875,"BZPYPD","10.3891/acta.chem.scand.27-0661","CC1=C(Br)C(=O)N2N1C(=O)c1ccccc21",2.011100012031515,0.0715,0.4510159178547033,4.166300024925116,0.2,3.161205922075769,3.4808000208240752
703414,"TOSNAQ","10.1016/0040-4020(96)00482-6","CC(C)=Cc1c2Nc3ccccc3c2c(C=C(C)C)c2Nc3ccccc3c12",2.4020000143700955,0.1649,0.6696128652618629,3.562600021313448,0.1524,2.9554938376068964,3.164600018932392
217404,"FOMBEO","","CCN(CC)c1ccc(cc1)N=Nc1ccc2C(=O)NC(=O)c2c1",2.3027000137760285,0.1243,1.0874657239285086,2.5052000149874947,0.0,2.403086394262833,2.16730001296599
115542,"CUSXOD","10.1021/ja00296a014","COC1=C(Br)CC2(OC=C1Br)ON=C(C2OC(C)=O)C(=O)NCCCOc1c(Br)cc(CCNC(C)=O)cc1Br",2.990300017889632,0.0869,1.191888597679418,4.833500028916676,0.0012,3.641939121440173,4.008800023982864
801409,"WUCYAU","10.1039/b204179k","Cc1cccc(C)c1N(C#N)C(=O)C1=CC=CS1",3.8255000228862617,0.2088,1.8937281784034696,4.812700028792238,0.0002,3.652095770896044,4.006800023970899
188431,"EYUJOY","10.1039/c1sc00340b","C1Cc2ccccc2C(c2ccccc12)=C1c2ccccc2C=Cc2ccccc12",3.0465000182258515,0.0782,1.1212034875668764,4.3896000262610215,0.1894,3.4933045497792614,3.6464000218147854
846708,"YALYER","10.1016/j.tetlet.2010.06.029","CC(C)(C)OC(=O)N1C2=C(CCCN(C2)C(=O)OCc2ccccc2)c2cc(Br)ccc12",3.397300020324532,0.1331,1.1902727856712159,4.830900028901121,0.0739,3.7295758359862017,4.250100025426454
640507,"SAJNUM","","COc1cc(NCc2ccc3nc(N)nc(N)c3c2C)cc(OC)c1OC",2.1974000131460647,0.1004,0.7011342615899463,4.188200025056134,0.0786,3.4095775670018544,3.9093000233876
49857,"BEQCAD","10.1039/c3cc41494a","CCOC(=O)C1=C2C(=O)N(C(=O)C2=C2N1C=Cc1ccccc21)c1ccc(Br)cc1",3.1681000189533304,0.0906,1.2458324474296836,3.9178000234384514,0.0415,3.294217077000017,3.3477000200277973
871620,"YUDYUR","","CCC(C)COc1ccc(OC(=O)c2ccc(OC=CC)cc2)cc1",4.028400024100121,0.129,1.651251063693085,5.125800030665377,0.4661,3.9791219243132003,3.8472000230160814
179239,"ESECEM","","CC(=O)N1CCN(CC1)Cc1ccc(cc1)C1=NCCS1",3.2530000194612487,0.1163,1.339152804015812,4.826300028873602,0.0287,3.8339535388949018,4.234900025335519
586055,"QIMSUA","10.1016/S0040-4039(00)00225-2","COC(=O)C1CC(OC(C)=O)C(=C(C1)OC1OC(COC(C)=O)C(OC(C)=O)C(OC(C)=O)C1OC(C)=O)OC(C)=O",3.796500022712767,0.0633,1.0338163014000592,5.7634000344798535,0.0038,4.411846621252994,5.337300031930687
377675,"KIPQUV","10.1021/ja983677j","CC(C)(C)C1CC[Si](CC1)(c1ccc(cc1)c1ccccc1)C(C)(C)C=C",3.3324000199362636,0.0565,1.1995186700863332,5.1312000306976815,0.8153,4.0952378023754825,4.474200026767144
560184,"POTZON","","O=C1ON=S=C1c1ccccc1",3.343400020002072,0.253,1.390447897516793,5.273200031547206,0.025,4.237651905823404,4.601600027529322
350260,"JOLQOS","10.1134/S1070363214080192","ClC1=CC2=[N+]([O-])ON=C2C(=C1N(=O)=O)N1CCCC1=O",3.2575000194881705,0.0978,1.523537965439854,3.2929000196999527,0.2653,3.2435609068195106,1.1941000071437682
580412,"QELNOK","10.1002/jhet.5570350645","CC1=C(C(c2ccc3OC(=CC(=O)c3c2)c2ccccc2)C(=C(C)N1)C(=O)OCC=C)C(=O)OCC=C",3.663200021915293,0.2257,0.7533300519328805,3.9057000233660624,0.1345,3.5849636512988243,3.2080000191920344
103811,"COJLUK","10.1002/ejoc.201402692","CCOC1=CC(=CC2=[N+]([O-])ON=C12)F",3.4604000207020307,0.0697,1.4736662994970509,3.5876000214630115,0.0113,3.4180933699739784,1.3618000081470425
47858,"BEJSOY","10.1016/S0957-4166(99)00212-8","COC1CC=CC(O1)C(=O)OC1CC2CCC1(CS(=O)(=O)N(C1CCCCC1)C1CCCCC1)C2(C)C",3.61750002164189,0.0557,1.139043815829583,5.755100034430198,0.0094,4.588955730444628,5.374300032152043
581092,"QEPLON","10.1021/cm0609348","S1C=CC2=C1C=C(S2)C1=CC2=C(S1)C=CS2",2.7624000165262075,0.184,1.1033862889719679,3.7107000221994637,0.1016,3.640497190150232,2.690300016094866
27958,"AVANUI","10.14233/ajchem.2015.19174","O=C(NC(=S)NC1CCN(CC1)Cc1ccccc1)c1ccccc1",3.3381000199703643,0.0765,0.7642205924596082,3.767900022541666,0.0002,3.694008923072469,3.5952000215084787
631823,"RUCQOX","10.1021/acs.orglett.5b00163","CCN(CC)[C+]1CC(=C1[B-]1(OB2OC(C)(C)C(C)(C)O2)OC(C)(C)C(C)(C)O1)N(CC)CC",2.1708000129869287,0.0849,1.067290658820176,4.36500002611385,0.0108,4.093967030694071,4.4262000264799815
112837,"CUJRII","","OC1C2CCCC1C(=NC2c1ccccc1)c1ccccc1",3.3463000200194215,0.0886,1.5465218985643905,4.19650002510579,0.0012,4.0058750424287455,3.770300022556024
292567,"HUHCIY","10.1021/acs.joc.5b00493","CC12OCC(=Cc3cccc(c3)N(=O)=O)C1C=C(O)C=C2",3.2146000192315185,0.0874,1.4750184060113358,4.032300024123454,0.0,4.198065381502087,3.1215000186745434
787441,"WEVJUD","10.1107/S1600536806051543","COc1ccc(cc1)C1NC(SCc2ccc(cc2)N(=O)=O)N=N1",2.0626000123396167,0.1072,0.7087319524136835,3.6119000216083883,0.0025,4.4527358089989315,2.8561000170867734
479190,"NESYIU","","c1ccc(cc1)C(C=CC(c1ccccc1)c1ccccc1)c1ccccc1",2.6126000156300213,0.0649,1.0990134193965022,5.469900032723974,0.0051,6.2448362670828645,4.348100026012744
