"index","ID","doi","smiles","E(S1)","f(S1)","E(T1)"
880670,"ZATJIQ","10.1021/acs.orglett.6b03815","Brc1ccc2c(c1)N(Cc1ccccc1)C(=O)C2=[N+]1CCC(=O)[N-]1",3.2641000195276555,0.3422,1.6330510009316292
773965,"VUYWES","10.1107/S1600536810015667","CN1N(c2ccccc2)C(=O)C(=C1C)[N+]1=CC(=O)O[N-]1",4.179100025001692,0.0587,2.0906410533491337
22445,"AQOSIJ","10.1039/c1jm10643k","CC(C)[Si](C#Cc1c2cc3ccc(Br)cc3cc2c(C#C[Si](C(C)C)(C(C)C)C(C)C)c2cc3ccc(Br)cc3cc12)(C(C)C)C(C)C",2.009600012022541,0.2305,1.006452260467748
844332,"YAFFEQ","10.2116/analsci.16.1005","ClC(Cl)(Cl)C(=O)C1CCCC(=C1N1CCOCC1)C(=O)C(Cl)(Cl)Cl",2.9868000178686933,0.0673,1.4956343227563258
681515,"TATMEH","10.1021/ol050872b","CC(C)[Si](C#Cc1c2cc3cc(Br)c(Br)cc3cc2c(C#C[Si](C(C)C)(C(C)C)C(C)C)c2cc3cc(Br)c(Br)cc3cc12)(C(C)C)C(C)C",1.9813000118532351,0.2191,0.9935965137005324
480208,"NEWZOG","10.1016/j.tet.2013.02.070","CCOC(=O)C(C=C[N+]([O-])=C1C(=O)N(Cc2ccccc2)c2ccccc12)=Cc1ccc(Cl)cc1",3.150700018849234,0.455,1.5785490456983824
930875,"TEKQIM","","BrN=C1C=CC(C=C1)=C(C#N)C#N",3.1991000191387893,0.001,1.602773981223613
373860,"KEZLOQ","10.1021/ja993884z","CCCS[N-][n+]1nc(nnc1c1ccccc1)c1ccccc1",3.548800021230889,0.1701,1.7791138245776343
284728,"HODYAC","","Fc1c(F)c(F)c(c(F)c1F)C1=[N+]([O-])c2ccccc2C1=O",2.773100016590221,0.001,1.3912694092180249
568794,"PUZNUV","10.1016/j.tetlet.2015.12.062","Clc1ccc(cc1)C=C1C(=O)N(c2ccccc2)C(=O)C1=Cc1ccccc1",3.2530000194612487,0.4468,1.6320773775632011
23142,"ARAYEX","10.1002/ejoc.200300471","CC(C)(C)c1cc(c(P=C=C)c(c1)C(C)(C)C)C(C)(C)C",1.744100010434173,0.0006,0.8776898912036984
541202,"PEFDEJ","10.1002/(SICI)1521-3773(19980904)37:16<2229::AID-ANIE2229>3.3.CO;2-R","CC1(C)[N-][N+](=CC1=O)c1ccccc1",3.177100019007173,0.0015,1.5946797914845976
300860,"ICIFOR","10.1002/chem.201102852","CN(C)c1ccc(cc1)C(=C1C=CC(C=C1)=C(C#N)C#N)C1=C(C(=C(C#CC(C)(C)O)C(C)(C)C)C1(C#N)C#N)C(C)(C)C",2.5527000152716663,0.955,1.2826938059702555
460937,"MUMFEG","10.1021/jo9003019","CN(C)c1ccc(cc1)N=NC1=CC=C2N=[N+](c3ccc(cc3)N(C)C)[B-](F)(F)N12",2.10250001257832,1.1598,1.0582004235272755
598219,"QUCBIZ","10.1016/S0022-328X(00)00671-9","CC(C)(C)c1cc(c([As]=[As]c2c(cc(cc2C(C)(C)C)C(C)(C)C)C(C)(C)C)c(c1)C(C)(C)C)C(C)(C)C",2.4289000145310258,0.0,1.2219122794112938
738937,"UYUSEO","10.1039/C4TC01992J","CC(C)[Si](C#CC1=C2N=C3C(=C(Cl)C(=C(Cl)C3=NC2=C(C#C[Si](C(C)C)(C(C)C)C(C)C)C2=NSN=C12)Cl)Cl)(C(C)C)C(C)C",2.06870001237611,0.2676,1.0420148196059158
481263,"NIBBIK","10.1021/cm062378n","CCCCCc1ccc(cc1)C#Cc1c2cc3ccccc3cc2c(C#Cc2ccc(CCCCC)cc2)c2cc3ccccc3cc12",1.9883000118951129,0.3999,1.0022034748075492
560530,"POWDAI","10.1021/ol501889g","O=N(=O)c1ccc(C[N+]([O-])=C(C=Cc2ccccc2)c2ccccc2)cc1",3.736000022350823,0.0439,1.8768114045457287
616240,"REMZAM","10.1021/ol3022885","[O-][N+](C1=CCC2(CC1)OCCO2)=C1c2ccccc2c2ccccc12",3.5084000209891935,0.0083,1.7634030593030072
562370,"PSULHZ11","10.1107/S0108270184003929","O=S=NNc1ccccc1",3.855200023063944,0.0331,1.9372116995916056
645508,"SAWVAO","","COc1ccc2C(=O)C(=[N+]([O-])c2c1)c1ccccc1OC",2.931500017537858,0.0206,1.4757014934098236
512668,"OJAHIS","10.1039/C5RA09505K","F[B-]1(F)N(N=C(N=[N+]1c1ccccc1)c1ccc(cc1)C1=NN(c2ccccc2)[B-](F)(F)[N+](=N1)c1ccccc1)c1ccccc1",2.5988000155474618,0.3299,1.3099114496338575
358313,"KADBOH","10.1016/S0040-4020(03)00735-X","Cc1cccc(c1)N1C(=C(C#N)C#N)c2ccccc2C1=C1N(c2cccc(C)c2)C(=C(C#N)C#N)c2ccccc12",2.3866000142779638,0.8205,1.2044507336196069
865629,"YOGNAJ","","CC(N1P(C)C2CC3CC(C2=C1c1ccccc1)C3(C)C)c1ccccc1",3.2739000195862844,0.1111,1.6483467925798785
150831,"DUFZAG","10.1039/b901448a","CC[Si](CC)(CC)C#Cc1c2cc3c(C)ccc(C)c3cc2c(C#C[Si](CC)(CC)CC)c2cc3c(C)ccc(C)c3cc12",1.9960000119411785,0.2328,1.0096147676412257
935770,"ZENPIU","10.1016/j.dyepig.2017.11.009","COc1ccc(cc1)N1c2cc(OC)ccc2N=C2C=C3Oc4c(cc(cc4C(C)(C)C)C(C)(C)C)N=C3C=C12",2.719800016271352,1.1941,1.3717819758263912
298224,"IBEBAV","10.1021/acs.jpcb.5b10565","CCCCC(CC)CN1C(=O)C2=C(N(CC(CC)CCCC)C(=O)C2=C1C1=CC=C(S1)c1ccccc1)C1=CC=C(S1)c1ccccc1",2.289300013695861,1.0983,1.1567333930232675
66804,"BPCAMN","","Ic1ccc(cc1)[N+]([N-]C#N)=C1c2ccccc2c2ccccc12",3.4102000204017067,0.568,1.717860452605015
340445,"JEHCEE","10.1021/ja00162a026","Cc1ccc(cc1)C1=NS(=NP(=N1)(c1ccccc1)c1ccccc1)S1=NP(=NC(=N1)c1ccc(C)cc1)(c1ccccc1)c1ccccc1",2.902600017364962,0.2116,1.4646459974418669
358314,"KADBOI","","CC(C)c1cccc(C(C)C)c1N=C1C(Nc2ccccc12)=C1Nc2ccccc2C1=Nc1c(cccc1C(C)C)C(C)C",2.488600014888185,0.5556,1.2578430085626129
873431,"YULXEJ","10.1021/ol902156x","C[Si](C)(C)C#CC1=C2C=C3C=CC=CC3=CC2=C(C#C[Si](C)(C)C)C2=NSN=C12",2.123900012706347,0.2166,1.0759993905013925
438838,"MEHWIH","10.1021/ja303402p","Cc1cc(C)c(c(C)c1)C1=C2C=C3c4ccccc4C(=C3C=C2c2ccccc12)c1c(C)cc(C)cc1C",2.4174000144622267,0.0,1.2227713428351223
712976,"UBERIF","10.1039/C6CE02157C","CC(C)(C)OC(=O)N1C(=O)C2=C(NC(=O)C2=C1C1=CC=CS1)C1=CC=CS1",2.588700015487038,0.7499,1.3088246269128168
932733,"VOQBIM03","10.1038/s41467-017-02607-9","CC(C)[Si](C#Cc1c2cc3ccccc3cc2c(C#C[Si](C(C)C)(C(C)C)C(C)C)c2cc3ccccc3cc12)(C(C)C)C(C)C",1.991700011915453,0.2306,1.0107639044184986
120451,"DAHPUX","10.1107/S010827018500659X","S1c2ccccc2N=C2C=C3Sc4ccccc4N=C3C=C12",2.67460001600094,0.8391,1.3526809440872611
858119,"YICVEN","10.1039/C3CC43270J","CC(C)C[Si](CC(C)C)(CC(C)C)C#Cc1c2cc3ccccc3cc2c(c2cc3ccccc3cc12)c1c2ccccc2cc2ccccc12",2.0419000122157778,0.2798,1.0364174376970108
327595,"IWUPUN","10.1021/acs.joc.6b00758","CCCCC1=[N+]([O-])C2(CC(=O)OC(C)(C)O2)OC1=C(c1ccccc1)c1ccccc1",3.9222000234647743,0.4994,1.9769373285116585
634519,"RUNJUH","10.1002/chem.201501399","CC(C)[Si](C#Cc1c2cc3ccccc3cc2c(c2cc3ccccc3cc12)C(F)(F)F)(C(C)C)C(C)C",2.0751000124143983,0.1382,1.0536136724627014
22443,"AQOSEF","10.1039/c1jm10643k","CC(C)[Si](C#Cc1c2cc3ccc(Br)cc3cc2c(C#C[Si](C(C)C)(C(C)C)C(C)C)c2cc3cc(Br)ccc3cc12)(C(C)C)C(C)C",2.0412000122115894,0.2419,1.0366865582704388
678978,"TAMSAB","10.1021/jo00018a013","CCN(CC)c1ccc(cc1)N=[N+]1[N-]C(=O)c2ccccc12",3.005200017978772,1.0159,1.5205646590396733
190112,"EZUWIH","10.1039/C6CE02261H","O=C1N(Cc2ccccc2)C(=C2C(=O)N(Cc3ccccc3)C(=C12)C1=CC=CO1)C1=CC=CO1",2.679100016027861,0.5876,1.357730832927744
898400,"ZURMEG01","10.1071/CH14422","CN1C=C(C=N1)C1=[N+]([O-])C(C)(C)C(C)(C)C1=O",3.3037000197645643,0.0003,1.6713261269701962
318128,"IPPCPH","","CC(C)OP(=O)(OC(C)C)OC1=C(c2ccccc2)C(=C(C1c1ccccc1)c1ccccc1)c1ccccc1",3.6239000216801776,0.0534,1.8319580622240847
475609,"NEGBUY","10.1002/chem.201200591","Fc1cccc(F)c1C1=C2C=C3c4ccccc4C(=C3C=C2c2ccccc12)c1c(F)cccc1F",2.242200013414083,0.0,1.1424446947333933
325972,"IVUJOZ","10.1002/chem.201002769","CC(C)[Si](C#CC(=C=C=C(C#C[Si](C(C)C)(C(C)C)C(C)C)c1ccccc1)c1ccccc1)(C(C)C)C(C)C",2.8291000169252443,0.9696,1.435953224621723
475612,"NEGCAF","10.1002/chem.201200591","c1ccc2c(c1)cc1ccccc1c2C1=C2C=C3c4ccccc4C(=C3C=C2c2ccccc12)c1c2ccccc2cc2ccccc12",2.407400014402401,0.0,1.2256056806982392
311675,"IKUQIQ","10.1039/C6CE00383D","CCCCCCN1C(=O)C2=C(N(CCCCCC)C(=O)C2=C1C1=CC=CO1)C1=CC=CO1",2.6734000159937605,0.5496,1.3589319434700369
881407,"ZAWTEZ","10.1002/chem.201604099","CC(C)[Si](C#Cc1c2cc3ccccc3cc2c(C)c2cc3ccccc3cc12)(C(C)C)C(C)C",2.1111000126297705,0.1561,1.0779368411071113
928691,"QEVQEQ","10.1021/ol5017756","CC(C)(C)c1ccc2SC3=CC4=C(c5ccccc5)c5cc(ccc5SC4=CC3=C(c3ccccc3)c2c1)C(C)(C)C",2.5324000151502206,1.0197,1.288878681675122
632964,"RUHLAH","10.1016/S0022-328X(97)00074-0","c1ccc(cc1)C=C(c1ccccc1)C1=CC=CC2=C(C(N(N=C12)c1ccccc1)c1ccccc1)c1ccccc1",2.6225000156892486,0.2365,1.3348466023278271
554877,"PNTSAN","","COc1ccc(cc1)N=O",0.20510000122702188,0.0,0.126646058210275
46930,"BEFXAM","10.1016/S0040-4020(03)00574-X","CCOC(=O)C(=CC1=C([O-])ON=[N+]1c1ccc(OCC)cc1)C#N",3.63650002175556,0.4822,1.8424635616531728
223085,"FUHCOA","10.1021/jf00103a045","Brc1cc2c(Br)c(Br)c(Br)c(Br)c2cc1Br",3.0069000179889427,0.1562,1.5278349152743311
78675,"CALJUU","10.1021/ja00354a069","CC(C)(C)c1cc(c([As]=[As]C([Si](C)(C)C)[Si](C)(C)C)c(c1)C(C)(C)C)C(C)(C)C",2.65280001587052,0.0027,1.3508447198399838
360471,"KAKDEF","10.1002/cber.19881210506","COC(=O)C(=C(c1ccccc1)c1ccccc1)[C-]([n+]1ccccn1)C(=O)OC",3.2457000194175762,0.4071,1.6473856864646896
200257,"FECZOE01","10.1039/C5CE00300H","Clc1c2cc3ccccc3cc2c(Cl)c2cc3ccccc3cc12",2.1402000128038625,0.0851,1.0948476284615791
209033,"FIHSAR","10.1016/j.bmc.2004.06.033","COc1ccc(cc1)[N+]1=NOC(=C1C=NN=C1SCC(=O)N1c1ccccc1)[O-]",3.761900022505772,0.514,1.9057270386346392
455279,"MOVBII","10.1002/hc.1087","Fc1ccc(NSN=S=Nc2ccc(F)cc2)cc1",3.3096000197998614,0.3247,1.6797656019822818
40144,"BAMTER","10.1002/cphc.201500869","CC1=CC(=C2C=C3C=CC(=[N+]3[B-](F)(F)N12)F)C",3.0706000183700315,0.6236,1.5610725608565177
675811,"TADJAL","10.1002/ejic.201000607","Clc1cccc(SN=S=NSc2cccc(Cl)c2)c1",3.1686000189563215,0.4854,1.6105714036235694
154162,"DUSTER","10.1107/S1600536810026176","OC1(Cc2ccccc2)c2ccccc2[N+](=C1c1ccccc1)[O-]",3.706600022174936,0.0008,1.8803965045208817
858122,"YICVIR","10.1039/C3CC43270J","CC(C)[Si](C#Cc1c2cc3ccccc3cc2c(c2cc3ccccc3cc12)c1c2ccccc2cc2ccccc12)(C(C)C)C(C)C",2.0898000125023417,0.2024,1.0720385012882945
159011,"ECAYUF","10.1039/C6QO00673F","S1C=CC=C1C1=C2C(=C3c4ccccc4C(=C3C(=C2c2ccccc12)c1ccccc1)C1=CC=CS1)c1ccccc1",2.335500013972256,0.0,1.194888925030209
159015,"ECAZAM","10.1039/C6QO00673F","Cc1ccc(cc1)C1=C2C(=C3c4ccccc4C(=C3C(=C2c2ccccc12)c1ccccc1)c1ccc(C)cc1)c1ccccc1",2.415300014449663,0.0083,1.2353013693092936
451546,"MOGSAE","10.1039/C4TC00550C","Fc1ccc2NC(C(=O)c2c1)=C1Nc2ccc(F)cc2C1=O",2.515400015048517,0.3116,1.2854489587050255
323695,"ITEMEB","10.1016/j.tet.2016.08.047","CC(C)(C)c1cc(CSC2=C(C=C(C3=NO[N+](=C23)[O-])N(=O)=O)N(=O)=O)cc(c1O)C(C)(C)C",2.6899000160924733,0.0742,1.372834240076472
636655,"RUWHAU","10.1039/C5TC03287C","F[B-]1(F)N(N=C(N=[N+]1c1ccccc1)c1ccc(cc1)C1CC2CC1C=C2)c1ccccc1",2.9156000174427352,0.3607,1.4859503350532186
332080,"IZUJIY","10.3762/bjoc.10.178","CC(C)[Si](C#Cc1c2cc3ccccc3cc2c(C2=CC=CS2)c2cc3ccccc3cc12)(C(C)C)C(C)C",2.0891000124981542,0.1825,1.0727821884346052
858116,"YICVAJ","10.1039/C3CC43270J","CC(C)[Si](C#Cc1c2cc3ccccc3cc2c(c2cc3ccccc3cc12)c1c2ccccc2c(F)c2ccccc12)(C(C)C)C(C)C",2.083900012467045,0.1984,1.0708450099398592
402454,"LEFVAT10","10.1021/ja961562e","Cc1ccc(C)c2c3CCCCCCc(c12)c1c(C)ccc(C)c31",2.9220000174810234,0.1073,1.4900800709068311
874678,"YURHAU","10.1016/0022-328X(94)05259-E","Cc1cc(C)c(N2N=C3C(=CC(=CC3=C(C2c2ccccc2)c2ccccc2)C)C)c(C)c1",2.6007000155588287,0.1433,1.3304886990043563
358190,"KACTOA","10.3390/molecules20046520","Cc1ccc(cc1)[N+]1=NOC(=C1C=C1SC(=O)NC1=O)[O-]",3.5243000210843163,0.5098,1.7923434557564883
667590,"SOYKOI","10.1039/C4TC02859G","CC(C)[Si](C#Cc1c2cc3cccnc3cc2c(C#C[Si](C(C)C)(C(C)C)C(C)C)c2cc3c(Cl)c(Cl)c(Cl)c(Cl)c3cc12)(C(C)C)C(C)C",2.0311000121511658,0.2331,1.0462595235396512
668970,"SUDTIW","10.1021/jo502206g","CC1(C)OC(=O)C(=CC(O)=CC=CN2Cc3ccccc3C2)C(=O)O1",2.9789000178214318,1.5184,1.5208364191421282
179801,"ESIWEI01","10.1021/ja0386086","ClCCOC(=O)C(C(=O)OCCCl)=C1C=CC(C=C1)=C(C(=O)OCCCl)C(=O)OCCCl",3.702400022149809,1.259,1.8832885305165707
239628,"GEMYOO","10.1021/ic300872m","COc1ccc(cc1)C1=CC(=C(N1)N=C1N=C(C=C1c1ccc(OC)cc1)c1ccc(OC)cc1)c1ccc(OC)cc1",2.22520001331238,0.7176,1.1455946846721927
517785,"OMEVEH","10.1021/jo026771y","C[N+]([O-])=C1C(=O)C=CC2=NOC=C12",3.241500019392449,0.0002,1.6542114174934053
810533,"XALDUM","10.1002/anie.201612496","NC1=NN2N=[N+]([O-])N=C2N=[N+]1[O-]",3.256600019482786,0.1488,1.6629652928552308
332083,"IZUJOE","10.3762/bjoc.10.178","CC[Si](CC)(CC)C#Cc1c2cc3ccccc3cc2c(c2cc3ccccc3cc12)c1c2ccccc2cc2ccccc12",2.0865000124825994,0.1966,1.078276439189698
332074,"IZUJAQ","10.3762/bjoc.10.178","CC(C)[Si](C#Cc1c2cc3ccccc3cc2c(c2ccc(cc2)c2cccc3ccccc23)c2cc3ccccc3cc12)(C(C)C)C(C)C",2.1079000126106258,0.2088,1.0889925547390975
163539,"EFULOI","10.1016/j.bmc.2014.04.028","S1C(=Cc2ccccc12)N1C=CC=N1",3.32690001990336,0.1735,1.6989841868928992
127364,"DBRING01","10.3891/acta.chem.scand.34a-0171","Brc1ccc2C(=O)C(Nc2c1)=C1Nc2cc(Br)ccc2C1=O",2.6040000155785714,0.3892,1.3382499302675157
840623,"XURBUI","10.1021/jo901142f","CC(C)(C)C1=CC(=CC=CC=C(C#N)C(c2ccccc2)=C(C#N)C#N)C=C(O1)C(C)(C)C",2.6157000156485672,2.0428,1.3441303105641391
660775,"SIZLAQ","10.1038/nchem.1945","c1ccc(cc1)c1ccc(cc1)c1c2cc3ccccc3cc2c(c2ccc(cc2)c2ccccc2)c2cc3ccccc3cc12",2.131100012749421,0.1709,1.1018385053937372
451552,"MOGSIM","10.1039/C4TC00550C","Fc1cc2NC(C(=O)c2cc1F)=C1Nc2cc(F)c(F)cc2C1=O",2.5993000155504533,0.3121,1.33613261238458
693964,"TIJZIX","10.1021/jo3019126","N(c1ccccc1)c1ccc2N=C3C=C(Nc4ccccc4)C(C=C3N(c3ccccc3)c2c1)=Nc1ccccc1",2.2593000135163845,0.2391,1.1664097615510782
64501,"BOSBES","10.1039/C4TC01563K","Brc1ccc2NC(C(=O)c2c1)=C1Nc2ccc(Br)cc2C1=O",2.5027000149725382,0.3886,1.2886027582160056
745565,"VARKII01","10.1002/anie.198904781","COc1ccccc1C1=C2C(=O)N(C)C(=C2C(=O)N1C)c1ccccc1OC",2.8599000171095086,0.4291,1.467300740194424
881131,"ZAVWEB","10.1002/chem.201604099","CCCCc1c2cc3ccccc3cc2c(C#C[Si](C(C)C)(C(C)C)C(C)C)c2cc3ccccc3cc12",2.113300012642932,0.1732,1.0943765993870271
50729,"BESSID","10.1002/ejoc.201201714","COc1c2cc3ccccc3cc2c(OC)c2cc3ccccc3cc12",2.1554000128947965,0.0843,1.1155622953335032
109082,"CPATHP","10.1021/ic50124a027","Clc1ccc(SN=S=NSc2ccc(Cl)cc2)cc1",3.0319000181385065,0.5469,1.5540435607780008
865051,"YODREQ","10.1039/C4DT00503A","Cc1cccc(C)c1NC1=C(Nc2c(C)cccc2C)c2cccc3C(=C(Nc4c(C)cccc4C)c4cccc1c4c23)Nc1c(C)cccc1C",2.243600013422459,0.0285,1.1602708730893978
295699,"HUTLIR","10.1021/jo010979m","Clc1cc(Cl)c2c(c1)c1cc(Cl)cc(Cl)c1C2=C1c2c(Cl)cc(Cl)cc2c2cc(Cl)cc(Cl)c12",2.344100014023706,0.4159,1.2108206467658569
532638,"PAHRAU","10.1111/cbdd.12685","CN(CCCN1C(=O)c2cccc3cccc(C1=O)c23)C1=C(C(=CC2=[N+]([O-])ON=C12)Cl)N(=O)=O",3.0633000183263586,0.1403,1.5704759719812185
853267,"YEGZEQ","10.1002/ejoc.200500912","CN1C2=C(Sc3ccccc23)C(=CC=C2Sc3ccccc3C2=O)C1(C)C",2.470900014782293,1.0379,1.2743072570961271
746091,"VASQOY","10.1039/C6TC05076J","O=C1N(CCC23CC4CC(CC(C4)C2)C3)C(=C2C(=O)N(CCC34CC5CC(CC(C5)C3)C4)C(=C12)C1=CC=CS1)C1=CC=CS1",2.580800015439776,0.6124,1.3294021484004752
215895,"FOGSEA","10.1107/S1600536805002126","O=C1NC(=C2C(=O)NC(=C12)c1ccccn1)c1ccccn1",2.745200016423308,0.3947,1.4120695198449158
332068,"IZUHOC","10.3762/bjoc.10.178","CC(C)[Si](C#Cc1c2cc3ccccc3cc2c(c2cccc3ccccc23)c2cc3ccccc3cc12)(C(C)C)C(C)C",2.1109000126285737,0.1934,1.0949817805942084
932518,"VESWEY","10.1007/s00706-017-2052-3","CN(C)CCNC1=C(C(=CC2=[N+]([O-])ON=C12)Cl)N(=O)=O",3.22260001927938,0.1229,1.6512989557378293
525681,"OVOVUS","10.1021/jacs.6b05627","CN1C(=O)C2=C(N(C)C(=O)C2=C1C1=CC=CS1)C1=CC=CS1",2.6261000157107857,0.535,1.3535821851573469
598922,"QUFFUS","10.1039/b008316j","OCC(O)CN1C=CC(C=C1)=CC=C1C(=O)ON=C1c1ccccc1",2.9044000173757305,1.0036,1.4929218919021323
182430,"ETUWOH","10.1039/C6OB01561A","CCc1cc(ccn1)C(=[NH2+])S[O-]",3.5311000211249977,0.3356,1.806563309246351
56127,"BIMPTS","10.1107/S0567740878010341","Cc1ccc(cc1)S(=O)(=O)C(Sc1ccccc1)=S=NC(C)(C)C",3.2137000192261347,0.0979,1.6481854290653613
194701,"FANHAE","10.1021/ol048686d","CC(C)[Si](C#Cc1c2cc3SC=Cc3cc2c(C#C[Si](C(C)C)(C(C)C)C(C)C)c2cc3cc4SC=Cc4cc3cc12)(C(C)C)C(C)C",1.9633000117455488,0.2234,1.0231733844757331
755220,"VEYPUL","10.1021/ja063519p","c1ccc2b(c1)n1ccccn1b1ccccc21",2.6955000161259752,0.2901,1.3897490002975463
332077,"IZUJEU","10.3762/bjoc.10.178","CC(C)[Si](C#Cc1c2cc3ccccc3cc2c(c2ccc(cc2)c2ccccc2)c2cc3ccccc3cc12)(C(C)C)C(C)C",2.110800012627976,0.2108,1.0974245466220924
527108,"OXALUW","10.1021/acs.joc.6b01771","CC(C)N(C(C)C)C(O)=C(c1ccccc1)c1ccc(N=O)c(Cl)c1",1.3024000077916786,0.0001,0.693230170568783
326730,"IWETOT","10.1023/A:1021399716771","c1cncc(c1)c1cnc(cn1)c1cccnc1",1.0157000060764805,0.0009,0.5500392092943005
325980,"IVUKEQ","10.1002/chem.201002769","CC#CC(=C=C=C(C#CC)c1ccccc1)c1ccccc1",3.1058000185806165,1.0686,1.5954699828973171
352937,"JUBDIV","10.1021/ja510958k","CC(C)[Si](C#Cc1c2cc3ccccc3cc2c(c2ccc(C=O)cc2)c2cc3ccccc3cc12)(C(C)C)C(C)C",2.112300012636949,0.199,1.0989075671144006
741823,"VAGPOJ01","10.1107/S1600536805002114","O=C1NC(=C2C(=O)NC(=C12)c1ccncc1)c1ccncc1",2.7672000165549235,0.4914,1.4273631345837272
67916,"BUBQAR","10.1021/ja8093313","CC(C)(C)[Si](c1cc2ccccc2c2ccccc12)=[Si]1C(CCC1([Si](C)(C)C)[Si](C)(C)C)([Si](C)(C)C)[Si](C)(C)C",2.903400017369748,0.0174,1.4959575940196792
881345,"ZAWNIX","10.1002/chem.201701290","CC(C)(C)OC(=O)N1C(=O)C(=[N+]([O-])C(C(CN(=O)=O)c2ccc(Br)cc2)c2ccccc2)c2ccccc12",3.586200021454637,0.0027,1.8374495918447007
669008,"SUDXUM","10.1021/jo502206g","CC1(C)OC(=O)C(=CC(O)=CC=CN(Cc2ccccc2)Cc2ccccc2)C(=O)O1",2.9758000178028845,1.5463,1.5326363641547451
354811,"JULROX","10.1107/S0108768192007821","COC(=O)C1NC(=O)NC(=C1)C(=O)OC",3.3343000199476305,0.12,1.7123347999095564
85663,"CECPIJ","10.1039/a809116a","CC(C)(C)c1c2c(c3ccccc3)c(c3ccccc3)c2c(c2c(c3ccccc3)c(c3ccccc3)c12)C(C)(C)C",1.3543000081021734,0.0107,0.7228203749053933
640189,"SAHVEC","10.1021/jo00264a037","CCOC(=O)C12ON=C(c3ccccc3)C31N=NCN3N1CC21",3.185200019055632,0.0041,1.639551256588831
871711,"YUFHEM","10.1524/zkri.1995.210.3.222","FC1=C(C(=Cc2ccccc2)c2ccccc2)C2=NN(C(c3ccccc3)C(=C2C(=C1)F)c1ccccc1)c1ccccc1",2.5767000154152475,0.2329,1.3353442985561343
72258,"BUSSOX","10.1039/c39830000762","N#CC1CN(c2ccccc2)C23CCCCC12N=[N+]([N-]3)c1ccccc1",3.77400002257816,0.0112,1.934023885843985
219489,"FOTGAY","10.1039/C4CC06063F","CCCCCCN1C(=O)C2=C(NC(=O)C2=C1C1=CC=CS1)C1=CC=CS1",2.61670001565455,0.5738,1.3554412669861986
490302,"NOGYAL","10.1021/jo500993x","Clc1ccc(OCC(=O)OC(c2cc(Cl)ccc2OCC=C)C(=C=C)c2ccc(cc2)C(=C=C)C(OC(=O)COc2ccc(Cl)cc2)c2cc(Cl)ccc2OCC=C)cc1",2.249900013460149,0.012,1.1722349027448211
332071,"IZUHUI","10.3762/bjoc.10.178","CC(C)[Si](C#Cc1c2cc3ccccc3cc2c(c2ccc(I)cc2)c2cc3ccccc3cc12)(C(C)C)C(C)C",2.1140000126471192,0.2055,1.1044567848614015
712982,"UBERUR","10.1039/C6CE02157C","BrCCCCCCN1C(=O)C2=C(N(CCCCCCBr)C(=O)C2=C1C1=CC=CS1)C1=CC=CS1",2.6193000156701043,0.5625,1.3576788591874722
873287,"YULLIB","10.1002/chem.200902179","CC(C)[Si](C#Cc1c2cc3ccccc3cc2c(C#Cc2cccc3ccccc23)c2cc3ccccc3cc12)(C(C)C)C(C)C",1.8129000108457725,0.0473,0.9555566301068305
948697,"XIBFOG","10.1039/C8NJ00234G","COC(=O)C(=C)CC1CC(=O)[N-][N+]1=C1C(=O)N(Cc2ccccc2)c2ccccc12",3.3302000199231023,0.0469,1.7149082894346894
949815,"ZETQUN","10.1021/acs.joc.7b03241","Fc1cc2cc3cc4cc5cc(F)c(F)cc5cc4cc3cc2cc1F",2.270700013584586,0.07,1.1853165039953164
813208,"XASVAR","10.1021/acs.nanolett.6b04995","CCCN(CCC)C1=CC=C(S1)C=C1SC(N=C1C(C)(C)C)=C(C#N)C#N",2.4810000148427167,0.9902,1.2905012965751994
387403,"KUGCIY","","CN1C=CC(=CC(C#N)=C(C#N)C#N)c2ccccc12",2.843900017013786,1.5412,1.4725002916476635
43082,"BAVKOB","10.1039/C7CP03121A","CCCCCC[N+]1=Nc2c([N-]1)c(C1=CC=CS1)c1N=[N+](CCCCCC)[N-]c1c2C1=CC=CS1",2.6101000156150653,0.6276,1.3560328425024362
332065,"IZUHIW","10.3762/bjoc.10.178","CC(C)[Si](C#Cc1c2cc3ccccc3cc2c(c2ccccc2)c2cc3ccccc3cc12)(C(C)C)C(C)C",2.1269000127242945,0.1864,1.1146689455620615
39448,"BALGAZ","10.1021/jacs.6b11912","Cc1cc(C)c(c(C)c1)[Si](=[Si]1C(CCC1([Si](C)(C)C)[Si](C)(C)C)([Si](C)(C)C)[Si](C)(C)C)[Si](C)(C)C",3.16180001891564,0.0774,1.6322425506808342
764648,"VOKBAA","","CCCCCCN1C(=O)C2=C(N(CCCCCC)C(=O)C2=C1C1=CC=C(Br)S1)C1=CC=C(Br)S1",2.5568000152961945,0.6964,1.3299107292161856
661561,"SOCGUM","10.1039/p29910000913","CC1(C)CC(=O)C2=C(C1)SSC2=S=O",2.906300017387097,0.0007,1.5049536779260508
239598,"GEMWUQ","10.1016/S0040-4020(99)00833-9","O=C1C2=C(C(=O)C3=C1c1ccccc1[N+](=C3)[O-])c1ccccc1N2",2.726600016312032,0.0633,1.4151054940796226
728262,"UMUTUT","10.1016/j.tet.2016.05.069","CCCCCCCc1ccc2NC(C(=O)c2c1)=C1Nc2ccc(CCCCCCC)cc2C1=O",2.522800015092788,0.3996,1.3134992707620483
669004,"SUDXOG","10.1021/jo502206g","COC(=O)C1CCCN1C=CC=C(O)C=C1C(=O)OC(C)(C)OC1=O",2.9975000179327065,1.4276,1.5508856795405577
573933,"QANCEP","10.1002/ejoc.201101447","CC1=CC(=C2N1[B-](F)(F)[N+]1=C(C)C=C(C)C1=C2C1=C(OC(=C1)Br)N1C(=O)CCC1=O)C",2.837600016976096,0.4699,1.4711198580995963
196950,"FATNOG","10.1039/C7TC00143F","N#Cc1c2ccccc2c(C#N)c2cc3c(cc12)c(C#N)c1ccccc1c3C#N",2.0347000121727032,0.1126,1.069868121208822
809389,"XAHLOJ","10.1016/j.mencom.2010.09.014","CCCOC(=O)SC1=S=NSC1=S",2.342600014014732,0.0002,1.223820341728781
682981,"TAYBOK","10.1016/0040-4020(96)00173-1","O=C1OC(=C(C(=O)c2ccccc2)C1=C1C(=O)OC(=C1C(=O)c1ccccc1)c1ccccc1)c1ccccc1",2.6572000158968434,0.8204,1.3815073248366498
159567,"ECIMEK","10.1039/c2ob26515j","CN(C)c1ccc(cc1)C(=CC=C(C#N)C(c1ccccc1)=C(C#N)C#N)C=C1C=C(OC(=C1)C(C)(C)C)C(C)(C)C",2.537700015181928,1.8419,1.32195085483926
612156,"RAYMOT","10.1021/jo961375z","COC(=O)C=CC=[N+]([O-])C1(CCCCC1)OO",3.5613000213056707,0.0067,1.833833742983143
51355,"BEVQAW","10.1021/ol303490b","CC[Si](CC)(CC)C#CC1=C2C=CC=CC2=C(C#C[Si](CC)(CC)CC)C2=N[Se]N=C12",2.346400014037465,0.2875,1.2268960445676795
188693,"EZAGET","10.1039/C6CC08079K","CN(C=CC=C(O)C=C1C(=O)OC(C)(C)OC1=O)c1ccccc1",2.9624000177227185,1.6289,1.5349449780623745
289116,"HOVLAF","10.1016/S0040-4020(99)00906-0","CCN1C(=CC=C2N(CC)c3ccccc3C2=O)C(=O)c2ccccc12",2.4812000148439144,0.5698,1.2944115725967025
53021,"BIBDIB01","","CCCCCCN1C(=O)C2=C(N(CCCCCC)C(=O)C2=C1C1=CC=CS1)C1=CC=CS1",2.622000015686257,0.5643,1.3652468895996308
822317,"XEXNEU","10.3987/COM-06-10711","CCOC(=O)C1=CN(C2CC2)C2=C(C=C(F)C3=[N+]([O-])ON=C23)C1=O",3.322200019875241,0.2001,1.7158664022982413
50725,"BESSEZ","10.1002/ejoc.201201714","CCOc1c2cc3ccccc3cc2c(OCC)c2cc3ccccc3cc12",2.165100012952828,0.0949,1.1375384820085817
8210,"AFURIE","10.1107/S1600536813017765","Brc1ccc(N=P(c2ccccc2)(c2ccccc2)c2ccccc2)c(c1)[N+]1=NOC(=C1)[O-]",4.088300024458477,0.0914,2.099361077743996
91983,"CEYREF","10.1021/jp306365q","COCCOCCOCCN1C(=O)C2=C(N(CCOCCOCCOC)C(=O)C2=C1C1=CC=CS1)C1=CC=CS1",2.653200015872913,0.5484,1.3820793081462963
796834,"WOHDAY","","O=C1NC(=C2C(=O)NC(=C12)c1cccc(c1)C#N)c1cccc(c1)C#N",2.804500016778073,0.5169,1.4580456039072378
777550,"WAKRUY","10.1016/j.matchemphys.2013.05.031","c1ccc(cc1)N=C=Nc1ccccc1",0.8883000053143031,0.001,0.5000426430909376
123554,"DAQQEU","10.1039/C7TA02133J","CN1c2ccccc2C=C1C1=C2C=CC=CC2=C(N1)N=C1N=C(C2=Cc3ccccc3N2C)c2ccccc12",2.209900013220847,0.8617,1.1613043614905545
398438,"LASHAR","10.1080/00397911.2016.1249290","CN(C)c1ccc(cc1)N=C1c2ccccc2[N+](=C1C1=C(C)C=C(C)N1)[O-]",2.3861000142749726,0.092,1.249476868240368
869231,"YOVFIZ","10.1107/S1600536809022284","CC(=NNC(N)=O)c1ccc(Br)cc1",2.6642000159387216,0.0339,1.3885825570736958
614751,"REHJUJ","10.1039/a703706f","CSC(Oc1c(cccc1C(C)(C)C)C(C)(C)C)=S=O",4.132700024724102,0.1279,2.1232632862587546
646481,"SAZBUS","10.1039/c2cc30362k","N1C2=C(c3ccccc3)C3=NC(=C(c4ccccc4)c4c5ccccc5c(c5ccccc45)C(=C4C=CC(=N4)C(=C1C=C2)c1ccccc1)c1ccccc1)C=C3",1.9092000114218928,0.2888,1.0116172534624015
470412,"NAPZAH","10.1039/c2jm14927c","CCCCN1c2ccccc2C(C)(C)C1=CC=C1SC(N=C1CCCC)=C(C#N)C#N",2.5353000151675698,1.1799,1.3247653283910001
664020,"SOLSIX","10.1002/chem.201400393","CC(C)c1cccc(C(C)C)c1N1C(=C2C=CC(C=C2)=C(c2ccccc2)c2ccccc2)C(C)(C)CC1(C)C",2.9916000178974094,1.1538,1.5529635409055254
139818,"DIWTIM","10.1002/cber.19861190217","C[Si](C)(C)C(=P(C(c1ccccc1)c1ccccc1)=C([Si](C)(C)C)[Si](C)(C)C)[Si](C)(C)C",2.2349000133704107,0.1057,1.1750071986626789
357099,"JUYKEV","","CN1C=CC(=C1)C1=C(C=C(C2=[N+]([O-])ON=C12)N(=O)=O)N(=O)=O",2.8534000170706206,0.299,1.4842931617069297
105814,"COQBUH","10.1039/C4CP02629B","COc1ccccc1C1=CC(=C(N1)N=C1N=C(C=C1c1ccccc1)c1ccccc1O)c1ccccc1",2.1151000126537007,0.0361,1.1160877471594566
542261,"PEJHOD01","10.1021/cg3010097","Cc1ccc(cc1)C(c1ccc(C)cc1)=C1C=C(Cl)C(=O)C(=C1)Cl",3.1092000186009576,0.6886,1.6132362145563657
323693,"ITEMAX","10.1016/j.tet.2016.08.047","CC(C)(C)c1cc(CNC2=C(C=C(C3=[N+]([O-])ON=C23)N(=O)=O)N(=O)=O)cc(c1O)C(C)(C)C",3.2170000192458765,0.2392,1.6673139442973517
46933,"BEFXEQ","10.1016/S0040-4020(03)00574-X","Cc1ccc(cc1)[N+]1=NOC(=C1C=C(C#N)C(N)=O)[O-]",3.7891000226684963,0.4343,1.9539412319183638
547943,"PHPYHP","10.1071/CH9791943","CN1C(=O)N(C)C(=O)C(=C2C=CC3=Nc4ccccc4N(c4ccccc4)C3=C2)C1=O",2.346600014038662,0.5886,1.2327298934239206
128706,"DEDWEO","10.1039/p19850001837","[O-][N+](c1ccccc1)=C1c2ccccc2c2ccccc12",3.5405000211812334,0.0001,1.829889044564728
690750,"TEYXOM","10.1002/macp.201100622","CC(C)[Si](C#Cc1c2cc3ccccc3cc2c(C2=CN(Cc3ccccc3)N=N2)c2cc3ccccc3cc12)(C(C)C)C(C)C",2.1318000127536094,0.1919,1.1256313241466247
734213,"UTEFEF","10.1039/c1cc11762a","Clc1c2ccccc2c(Cl)c2nc3c(Cl)c4ccccc4c(Cl)c3nc12",1.932000011558295,0.0765,1.0260297635503832
225733,"FUSJAF","","O=N(=O)C1=CC2=[N+]([O-])ON=C2C2=C1C=NN2c1ccccc1",3.423000020478283,0.1972,1.7717838937848356
614956,"REHYOT","10.1021/ol060679x","CSc1c2cc3ccccc3cc2c(SC)c2cc3ccccc3cc12",2.1573000129061644,0.1048,1.1389896651767804
190115,"EZUWON","10.1039/C6CE02261H","O=C1N(Cc2ccccc2)C(=C2C(=O)N(Cc3ccccc3)C(=C12)C1=CC=CS1)C1=CC=CS1",2.6345000157610388,0.5883,1.377640314911482
191495,"FADXOA","","[O-][n+]1cccc2ccccc12",3.6906000220792152,0.0011,1.905938443893787
50734,"BESSOJ01","10.1039/C7OB00043J","FC(F)(F)c1c2cc3ccccc3cc2c(c2cc3ccccc3cc12)C(F)(F)F",2.1544000128888148,0.0709,1.138223936794188
329876,"IYEZET","10.1134/S107036321605008X","OS(=O)(=O)c1ccc(NC2=C(Cl)C=C(C3=NO[N+](=C23)[O-])N(=O)=O)cc1",2.8151000168414884,0.3474,1.4690632216132435
185903,"EXCBIL","","CCOC(=O)C1=C(C)C(=C(N1)C=C1NC(=CC2=NC(=CC3=C(C)C(=C(N3)C(=O)OCC)C)C(=C2C)C)C(=C1C)C)C",1.88240001126156,0.1487,1.0032660794045258
284725,"HODXUV","","O=C1c2ccccc2[N+](=C1c1cccc[n+]1[O-])[O-]",2.6710000159794016,0.005,1.397853666432757
531155,"PADDIH","10.1039/c39920000778","C[Si](C)(C)C1=CC=C(S1)C(=C=C=C(C1=CC=C(S1)[Si](C)(C)C)C1=CC=C(S1)[Si](C)(C)C)C1=CC=C(S1)[Si](C)(C)C",2.4790000148307523,0.6993,1.3019651809726245
766241,"VOQBOS","10.1021/ja0162459","CC(C)[Si](C#Cc1c2ccccc2c(C#C[Si](C(C)C)(C(C)C)C(C)C)c2cc3cc4ccccc4cc3cc12)(C(C)C)C(C)C",2.0540000122881663,0.2145,1.089477189516968
451543,"MOGRUX","10.1039/C4TC00550C","FC(F)(F)c1ccc2C(=O)C(Nc2c1)=C1Nc2cc(ccc2C1=O)C(F)(F)F",2.5884000154852442,0.364,1.3566924464795802
960890,"YIBGIC","10.1021/jacs.8b02493","COc1ccc(cc1)[N+]1=NOC(=C1c1ccc(cc1)C(F)(F)F)[O-]",4.047500024214389,0.311,2.0877736536470617
659146,"SITLEO","10.1039/C3SC53181C","Cc1cc(C)c(c(C)c1)C1=C2C=C3C4=C(SC=C4)C(=C3C=C2C2=C1SC=C2)c1c(C)cc(C)cc1C",1.6488000098640354,0.0,0.8885496828625821
59430,"BMALAL","10.3891/acta.chem.scand.18-1642","BrC(C=O)C=O",1.806300010806288,0.0001,0.9687103415199472
887553,"ZIFPEL","10.1039/C3OB41278D","CC(C)(C)C1=CC(=CC=C2C3=C(SC2=C(C#N)C#N)C=CS3)C=C(O1)C(C)(C)C",2.424900014507096,0.6957,1.2780850136817736
138382,"DIRREB","10.1107/S0108270186096361","[Se]1C(=CC(C=C1c1ccccc1)=C1C=C([Se]C(=C1)c1ccccc1)c1ccccc1)c1ccccc1",2.6052000155857504,1.0564,1.3682496659368026
383066,"KOKMUT","10.1021/ol801358c","O1C(=C2C=CC=CC2=C1C1=CC=C(S1)C1=CC=CS1)C1=C2C=CC=CC2=C(O1)C1=CC=C(S1)C1=CC=CS1",2.091200012510717,1.2273,1.1112849377303655
316460,"INTRBE","10.1039/JR9560002841","Ic1ccc(cc1)N=O",0.3126000018701465,0.0,0.2221324682464436
505815,"OCUXES","10.1002/adfm.201602994","CCCCC(CC)CN1C(=O)C2=C(N(CC(CC)CCCC)C(=O)C2=C1C1=CC=C(Cl)S1)C1=CC=C(Cl)S1",2.59440001552114,0.6478,1.3631581436720086
255845,"GUBCIR","10.1002/adfm.201402678","CN1c2ccccc2C(C)(C)C1=CC=C1SC(N=C1C(C)(C)C)=C(C#N)C#N",2.573400015395505,1.2389,1.3537196026587723
366870,"KEBWUM","10.1002/chem.201700421","CC(C)[Si](C#Cc1c2ccccc2c(C#C[Si](C(C)C)(C(C)C)C(C)C)c2nc3cc4cc(C#N)c(cc4cc3nc12)C#N)(C(C)C)C(C)C",1.8188000108810696,0.1186,0.9768046401095388
537907,"PAWNOR","10.1016/j.tet.2005.08.107","NC1=NN=C(S1)C1=C([O-])ON=[N+]1c1ccccc1",3.8859000232476073,0.3518,2.0110467996862567
392627,"LABKOR","10.1039/C6DT00137H","C=CCN1C=C2C=C1C(=C1C=CC(=N1)C(=C1NC(=C(c3ccccc3)C3=NC(=C2c2ccccc2)C=C3)C=C1)c1ccccc1)c1ccccc1",1.8750000112172889,0.2025,1.0059093933415475
804338,"WUPJOI","10.1002/anie.201507573","Cc1cc(C)c(c(C)c1)c1c2cc3ccccc3cc2c(c2cc3ccccc3cc12)c1c(C)cc(C)cc1C",2.175600013015645,0.1393,1.1566038668266732
775935,"WAFWUV","","CC(C)(C)C1=CC(C(=O)C(=C1)C(C)(C)C)=C1C=C(C(=O)C(=C1)C(C)(C)C)C(C)(C)C",2.4648000147458,0.0558,1.3013232644005135
76172,"CADNAX","10.1021/ol0167356","CC[Si](CC)(CC)C#Cc1c2ccccc2c(C#C[Si](CC)(CC)CC)c2cc3cc4ccccc4cc3cc12",2.0698000123826907,0.2011,1.104383314119168
281366,"HISKEB","","Fc1c(F)c(F)c(c(F)c1F)C1=CC(SC1=C(C#N)C#N)=C(C#N)C#N",3.2473000194271484,0.6169,1.6932861228784342
56353,"BINHUD","10.1002/chem.201303277","CC(C)[Si](C#Cc1c2ccccc2c(C#C[Si](C(C)C)(C(C)C)C(C)C)c2nc3cc4ccccc4cc3nc12)(C(C)C)C(C)C",1.9918000119160517,0.1978,1.0656838265359476
211643,"FIRPUR","10.1039/c39870001090","Brc1ccc(cc1)N1C(OC2(N=[N+]([N-]C12c1ccccc1)c1ccc(Br)cc1)c1ccccc1)C=Cc1ccccc1",3.550800021242853,0.0345,1.8454285141815243
654636,"SICPOL","10.3390/molecules18010276","CCOC(=O)CC1=C(C#N)C(NC1=O)=C(C#N)C#N",3.451300020647589,0.0002,1.7957095585098408
815182,"XAYNAP","10.1039/C7TC00958E","CN(C1=CC(CC(C)(C)C1)=CC=CC1=C(C#N)C(OC1(C)C)=C(C#N)C#N)c1ccccc1",2.5084000150066394,2.156,1.3252396228343486
457565,"MSFURY01","","Cc1cc(C)c(c(C)c1)C1=CC(C(=O)O1)=C1C=C(OC1=O)c1c(C)cc(C)cc1C",2.93080001753367,0.9067,1.5368489586719598
505819,"OCUXIW","10.1002/adfm.201602994","CCCCCCCCN1C(=O)C2=C(N(CCCCCCCC)C(=O)C2=C1C1=CC=C(Cl)S1)C1=CC=C(Cl)S1",2.599800015553445,0.6618,1.3723417140185192
455079,"MOTJAH","10.1107/S1600536809013749","CCOC(=O)C1=C(C)N(C(=C(N1c1ccccc1)C(=O)OCC)C)C1=CCCO1",3.1639000189282034,0.0017,1.6543953392457715
146363,"DORRUZ","10.1107/S2053229614020099","COC(=O)C1=C(C(=O)OC)C(=CC=C2C(=O)N(c3c(C)cc(C)cc3C)C(=C2C(=O)OC)C(=O)OC)C(=O)N1c1c(C)cc(C)cc1C",2.7667000165519333,0.7882,1.4560012125507775
276314,"HEZHEB","10.1021/ja305491t","O=C1[N-][N+](C2C3CCC(C3)C12)=C1c2ccccc2c2ccccc12",3.4215000204693093,0.5738,1.7836675954427328
960889,"YIBGEY","10.1021/jacs.8b02493","CN(C)c1ccc(cc1)[N+]1=NOC(=C1c1ccc(cc1)C(F)(F)F)[O-]",4.01930002404568,0.3923,2.0846078811047883
505822,"OCUXOC","10.1002/adfm.201602994","CCCCCCCN1C(=O)C2=C(N(CCCCCCC)C(=O)C2=C1C1=CC=C(Cl)S1)C1=CC=C(Cl)S1",2.60980001561327,0.6541,1.3799739633008423
728259,"UMUTON","10.1016/j.tet.2016.05.069","CCCCCCCCc1ccc2NC(C(=O)c2c1)=C1Nc2ccc(CCCCCCCC)cc2C1=O",2.531800015146631,0.3975,1.3413011428590027
636264,"RUTYOW","10.1039/C5SC04954G","CC(C)(C)c1cc2ccc3cc(cc4C5=NC6=C(C7=CC=CS7)C7=NSN=C7C(=C6N=C5c(c1)c2c34)C1=CC=CS1)C(C)(C)C",1.963400011746147,0.2254,1.0572447596810404
229291,"GAFPEL","10.1002/anie.201508650","COc1ccc(cc1)C1=C(c2ccc(OC)cc2)c2c3cc4ccccc4c4C(=C(c5ccc(OC)cc5)c(c5cc6ccccc6c1c25)c34)c1ccc(OC)cc1",1.9159000114619755,0.0702,1.0335814671309342
308534,"IHUNAB","10.1016/j.tet.2009.06.098","COc1ccc2[N+](=C(I)C(=O)c2c1)[O-]",3.058700018298839,0.0111,1.6050202538608194
710433,"TUSLOK","10.1016/j.poly.2015.09.034","Oc1ccccc1C1=CC(=C(N1)N=C1N=C(C=C1c1ccccc1)c1ccccc1O)c1ccccc1",2.3784000142289075,0.7519,1.2652455937585398
290404,"HOZNER","10.1021/cg5010165","Brc1ccc(cc1)C1=C2C(=O)N(Cc3ccccc3)C(=C2C(=O)N1Cc1ccccc1)c1ccc(Br)cc1",2.6405000157969347,0.6197,1.3964368512361829
133951,"DEZVEJ","10.1002/zaac.19855250608","CC(C)(C)N=S=NSN=S=NC(C)(C)C",3.3894000202772694,0.53,1.7712943609661451
514600,"OKEQAW","10.1016/S0040-4020(03)00877-9","COC(=O)C1=C(OC)C(=C(C(=O)OC)C1=CC=C1C(=C(OC)C(=C1C(=O)OC)OC)C(=O)OC)OC",2.8333000169503717,0.1889,1.4946432841371475
177494,"ERASIA","10.1002/anie.201101314","c1cc2cc3cc(ccc13)c1ccc3ccc(cc3c1)c1ccc3ccc(cc3c1)c1ccc3ccc(cc3c1)c1ccc3ccc(cc3c1)c1ccc3ccc2cc3c1",2.608700015606689,0.022,1.3823718305356183
813827,"XAVHEJ","10.1002/adma.201004325","CC(C)[Si](C#Cc1c2cc3ccccc3cc2c(C#C[Si](C(C)C)(C(C)C)C(C)C)c2nc3ccccc3nc12)(C(C)C)C(C)C",2.035700012178686,0.2156,1.0963521459434749
451549,"MOGSEI","10.1039/C4TC00550C","Clc1ccc2NC(C(=O)c2c1)=C1Nc2ccc(Cl)cc2C1=O",2.527100015118513,0.3466,1.3423286447568863
55862,"BILRUB10","10.1098/Rspb.1978.0066","CC1=C(C=C)C(NC1=O)=CC1=C(C)C(=C(CC2=C(CCC(O)=O)C(=C(N2)C=C2NC(=O)C(=C2C)C=C)C)N1)CCC(O)=O",2.5345000151627843,0.4195,1.3461161974365479
178264,"EROCUK","10.1107/S1600536811016539","COC(=O)C1Cc2cc(OC)c(OC)cc2C(=[N+]1[O-])c1ccccc1OC",3.799900022733108,0.0538,1.9792309761672928
685285,"TEDBUZ","","CN1N(C(=O)C(=C1C)NC(=O)NC(=O)c1ccccc1)c1ccccc1",1.7983000107584273,0.0077,0.9785034468801392
499082,"NUQSID","10.1039/C5TC02287H","C(C=C1CC2=C(S1)SC1=C2SC(C1)=CCc1ccccc1)c1ccccc1",3.0746000183939617,0.0549,1.6167274352621497
17775,"AMIXAX","10.1039/C6DT01226D","Cc1ccc(cc1)C1=NN(c2c(F)c(F)c(F)c(F)c2F)[B-](F)(F)[N+](=N1)c1ccccc1",2.7370000163742514,0.2387,1.4480484131581393
308970,"IJAZOK","10.1002/chem.201503856","CC(C)[Si](C#CC1=C2N=C3C=Cc4ccccc4C3=NC2=C(C#C[Si](C(C)C)(C(C)C)C(C)C)C2=NSN=C12)(C(C)C)C(C)C",2.3030000137778224,0.3271,1.231424835413458
36260,"BACCOX","","[O-]c1ccc(cc1)N=N[P+](N1CCCCC1)(N1CCCCC1)N1CCCCC1",3.0144000180338115,0.0029,1.587784317674192
883358,"ZEFMOM","10.1246/bcsj.67.1931","CCOC(=O)C1=C2N(C(CC3=C2Nc2ccccc32)C(=O)OC)C(=O)C1=C1C(=O)N2C(CC3=C(Nc4ccccc34)C2=C1C(=O)OCC)C(=O)OC",2.187400013086239,1.0592,1.1747935892721686
712967,"UBEQUQ","10.1039/C6CE02157C","CCOC(=O)CN1C(=O)C2=C(NC(=O)C2=C1C1=CC=CS1)C1=CC=CS1",2.7126000162282766,0.5777,1.4375516213729878
41446,"BAQTIZ","10.1021/acs.joc.6b02713","O=C1CC(CCOCc2ccccc2)[N+]([N-]1)=C1c2ccccc2c2ccccc12",3.439600020577594,0.4531,1.8011662031356102
834563,"XOSQIH","10.1016/j.saa.2014.09.123","CC(=O)Nc1cc(ccc1N=Nc1ccc(cc1Cl)N(=O)=O)N(CCOC(C)=O)CCOC(C)=O",0.9164000054824128,0.0063,0.5397204071680629
817670,"XEGLIG","10.1021/ol300851m","CCOC(=O)C1=C(C)N([BH2-][C+]2N(C=CN2c2c(cccc2C(C)C)C(C)C)c2c(cccc2C(C)C)C(C)C)N=N1",1.3853000082876323,0.0032,0.7745971099202341
519375,"ONOLAF","10.1002/ejic.201001011","COc1cc(N=[NH+]c2cccc3cccnc23)c([O-])c(c1)C(C)(C)C",2.7501000164526226,0.5072,1.4572238200826588
292686,"HUHMEE","10.1039/C5CC04492H","Cc1cccc(C)c1N=C1C(Nc2ccccc12)=C1Nc2ccccc2C1=O",2.480400014839128,0.2223,1.3223832437473244
171832,"EMAPAL","","CCCCCCCCN1C(=O)C2=C(N(CCCCCCCC)C(=O)C2=C1C1=CC=CS1)C1=CC=CS1",2.665900015948892,0.5638,1.4156777495064288
17773,"AMIWUQ","10.1039/C6DT01226D","CC(C)(C)C1=NN(c2ccccc2)[B-](F)(F)[N+](=N1)c1ccccc1",3.059600018304224,0.0004,1.6127023271912615
274475,"HESCIR10","10.1016/0022-328X(94)05259-E","Clc1ccc(cc1)N1N=C2C(=CC(=CC2=C(C1c1ccccc1)c1ccccc1)Cl)C(=Cc1ccccc1)c1ccccc1",2.6107000156186544,0.2498,1.3891550845991008
30356,"AWOJIF","10.1016/S0040-4020(02)01423-0","CCOc1ccc(cc1)[N+]1=NOC(=C1C1=NOC2(C)C1C(=O)N(C2=O)c1ccccc1)[O-]",3.9542000236562163,0.2091,2.0610186035250484
804329,"WUPJAU","10.1002/anie.201507573","Cc1cc(C)c(c(C)c1)C1=C2C=C3c4ccccc4C(=C3C=C2Sc2ccccc12)c1c(C)cc(C)cc1C",2.1291000127374566,0.3266,1.1492894465325634
669022,"SUDZEY","10.1142/S1088424614500692","CC1=C2NC=C1C(C1=CC=C(N1)C(=C1C=CC(=N1)C(=C1NC(=C2c2ccccc2)C=C1)c1ccccc1)c1ccccc1)c1ccccc1",2.0170000120668115,0.4798,1.0934601199415994
654692,"SICTEF","10.1021/jo301247c","CCOC(=O)N1C=CC(C=C1)=C1OC(=O)C=C1C",3.5244000210849142,1.0722,1.8476168265442496
802140,"WUGGIO","","CN(C)c1nc(N2c3ccccc3Sc3ccccc23)c2c(nc(N3c4ccccc4Sc4ccccc34)c12)N(C)C",2.5817000154451613,0.28,1.3764138977764848
452441,"MOKMEG","10.1039/C4SC01769B","CC(C)(C)c1ccc(cc1)C1=C2SC3=C4C(=C(c5ccc(cc5)C(C)(C)C)c5ccccc45)SC3=C2c2ccccc12",2.293500013720988,0.9831,1.2324670314399897
103625,"COHYEE","10.1021/ja803553a","COC(=O)C12C(CCCC1=NNc1ccc(cc1N(=O)=O)N(=O)=O)C2=C=C",1.8327000109642275,0.0015,1.0023738180769757
562776,"PUBPEJ","10.1021/jo502206g","CCN(CC)C=CC=C(O)C=C1C(=O)N(C)C(=O)N(C)C1=O",2.9906000178914267,1.4882,1.5820321029821758
830587,"XODFAX","","O=C1NC(=C2C(=O)NC(=C12)c1ccc(cc1)c1ccccc1)c1ccc(cc1)c1ccccc1",2.716200016249814,0.8788,1.4454271404326509
319368,"IQITAE","10.1246/cl.2010.771","Cc1ccc(C)c2cc3c(cc12)c(c1ccccc1)c1cc2c(C)ccc(C)c2cc1c3c1ccccc1",2.0127000120410874,0.0101,1.0943112920296614
768779,"VUDBON","10.3762/bjoc.11.54","C=CCN1c2ccccc2C(=O)C1=C1Nc2ccccc2C1=O",2.5007000149605734,0.2815,1.3385861269227255
105808,"COQBIV","10.1039/C4CP02629B","COc1ccccc1C1=CC(=C(N1)N=C1N=C(C=C1c1ccccc1)c1ccccc1OC)c1ccccc1",2.3450000140290896,0.6920000000000001,1.261150008190867
815526,"XAZJIU","10.1080/00397911.2017.1279630","COc1ccc(cc1)[N+]1=NOC(=C1C1=NOC(=N1)CN1C=C(N=N1)c1ccccc1)[O-]",4.149700024825806,0.2368,2.1638860745471784
635738,"RUSFUH","10.1021/ol900838a","CCCCCCC1=CC=C(S1)c1c2cc3ccccc3cc2c(C2=CC=C(CCCCCC)S2)c2cc3ccccc3cc12",2.192400013116152,0.1703,1.1852803128523324
64506,"BOSBIW","10.1039/C4TC01563K","O=C1C(Nc2ccc(cc12)c1ccccc1)=C1Nc2ccc(cc2C1=O)c1ccccc1",2.4625000147320404,0.4635,1.320354090753832
188687,"EZAFUI","10.1039/C6CC08079K","COc1ccc(cc1)N(C)C=CC=C(O)C=C1C(=O)OC(C)(C)OC1=O",2.9488000176413567,1.7456,1.5636056414721844
255847,"GUBCOX","10.1002/adfm.201402678","CCCCCCN1c2ccccc2C(C)(C)C1=CC=C1SC(N=C1C(C)(C)C)=C(C#N)C#N",2.4823000148504946,2.4116,1.330587748456454
945348,"PEWVEV","10.1016/j.tet.2018.03.019","OC(=O)C1=[N+]([N-]OC1=O)c1ccccc1",4.2515000254348285,0.075,2.215207563103316
554191,"PIYZII","10.1016/j.tetlet.2014.03.064","Cc1ccc(cc1)C(O)C(Br)C(=O)c1ccc(C)cc1",1.2188000072915373,0.0005,0.6991121835250566
67913,"BUBPUK","10.1021/ja8093313","CC(C)(C)[Si](c1cccc2ccccc12)=[Si]1C(CCC1([Si](C)(C)C)[Si](C)(C)C)([Si](C)(C)C)[Si](C)(C)C",2.9610000177143427,0.0067,1.5717905539932844
757021,"VIFZUG","10.1002/chem.200601735","CN(C)c1ccc(cc1)C#CC(=CC=C(C#N)C#N)C=C(N1CCCCC1)c1ccc(cc1)N(C)C",2.8543000170760044,1.0692,1.5201678354162622
642597,"SAPDES01","10.1107/S0108768192003033","O=C1NC(=C2C(=O)NC(=C12)c1ccccc1)c1ccccc1",2.8852000172608663,0.5089,1.5358069531076413
712964,"UBEQOK","10.1039/C6CE02157C","CCOC(=O)CN1C(=O)C2=C(N(CC(=O)OCC)C(=O)C2=C1C1=CC=CS1)C1=CC=CS1",2.6572000158968434,0.5947,1.4223162389979744
382358,"KOHJAT","10.1055/s-2008-1067207","CCCCCCCCCCCCSC1=[N+]([O-])c2ccc(OC)cc2NC1=O",3.616700021637104,0.2485,1.9028491625580268
816555,"XECRUT","10.1021/jo052188g","CCOC(=O)CN1C=C2C=C1C(=C1C=CC(=N1)C(=C1NC(=C(c3ccccc3)C3=NC(=C2c2ccccc2)C=C3)C=C1)c1ccccc1)c1ccccc1",1.8919000113183944,0.1989,1.0420183570609365
717047,"UDIVUZ","","OC1=C(Br)C=C(Br)C=C(Br)C1=O",3.038000018175,0.1295,1.6157712271939688
889981,"ZITFEP","10.1080/10426507.2013.800984","Cc1ccc(SC(Sc2c(Cl)c(Cl)c(Cl)c(Cl)c2Cl)=S=O)cc1",3.6661000219326425,0.0526,1.9307068180045568
325445,"IVIPIN","10.1021/ol200748c","CC(C)[Si](C#CC1=C2C=C3SC=CC3=CC2=C(C#C[Si](C(C)C)(C(C)C)C(C)C)C2=NSN=C12)(C(C)C)C(C)C",2.1794000130383786,0.2557,1.187372052025404
481049,"NEZPUF","10.1246/bcsj.20120240","CCCCCCCCCCCCCCCCN1c2ccccc2C(=O)C1=C1Nc2ccccc2C1=O",2.4697000147751145,0.2625,1.3326130918406427
159564,"ECIMAG","10.1039/c2ob26515j","CCN(CC)c1ccc(cc1)C=CC(c1ccc(cc1)N(C)C)=C1SC(N=C1c1ccccc1)=C(C#N)C#N",2.340900014004561,1.16,1.2683261946568205
798387,"WOMYII","10.1038/ncomms5245","Cc1cc(C)c(c(C)c1)C(=[O+]B1OC(C)(C)C(C)(C)O1)[B-](=C=O)c1c(C)cc(C)cc1C",3.270300019564748,0.0022,1.7345535488672583
362058,"KANWEB","10.1039/c39890001102","N#CC(C#N)=C1C=CC(C2=NSN=C12)=C(C#N)C#N",3.5952000215084787,1.0656,1.8971404860918804
755226,"VEYQEW","10.1021/ja063519p","CC(C)c1ccb2c(c1)c1cc(ccb1n1ccccn21)C(C)C",2.7529000164693738,0.3332,1.476157202475742
951682,"CIHXUP","10.1002/cptc.201700228","Cc1ccc(cc1)N1c2ccccc2C(=O)C1=C1N(c2ccc(C)cc2)c2ccccc2C1=O",2.30140001376825,0.1744,1.2504352532210798
225736,"FUSJEJ","","CN1C(=CC2=C1C1=NO[N+](=C1C=C2N(=O)=O)[O-])c1ccccc1",3.2477000194295416,0.0548,1.7243822052518043
729057,"UNIHIJ","10.1021/ja107046s","CC(C)[Si](C#Cc1c2cc3cccnc3cc2c(C#C[Si](C(C)C)(C(C)C)C(C)C)c2cc3cccnc3cc12)(C(C)C)C(C)C",2.1894000130982043,0.2472,1.1961836427247112
831052,"XOFREP","10.1016/S0040-4020(02)00443-X","CN1C(=O)C2=C(N(C)C(=O)C2=C1C1=CC=CO1)c1ccccc1",2.8552000170813887,0.4626,1.529319568426289
852290,"YECZAH","","COc1ccc2CC3N(C)CCC45C(Oc1c24)C1(OC)C=CC35CC1S(=O)(=O)C=C",1.4860000088900756,0.0006,0.8450958220860251
71284,"BUPPUZ","10.1039/C5TC01023C","Ic1ccc2NC(C(=O)c2c1)=C1Nc2ccc(I)cc2C1=O",2.544300015221413,0.3895,1.3745431150644345
951684,"CIHYEA","10.1002/cptc.201700228","CN(C)c1ccc(cc1)N1c2ccccc2C(=O)C1=C1Nc2ccccc2C1=O",2.4500000146572583,0.2475,1.3277901459458925
593091,"QOQMAL","10.1002/anie.200804228","CC(=C)C1CCC(C2CCC3C4OCC5(C=C23)C2CCC45C3OC(C)(C)OC4C(CCC234)C(C)(C)O)C1OC(=O)Nc1ccc(Br)cc1",3.4048000203694007,0.0135,1.8053643755794653
547992,"PHSPRL","","CC(C)(O)P(=O)(c1ccccc1)c1ccccc1",0.8045000048129649,0.0017,0.5052642629699012
679723,"TAPJUP","10.1107/S0108270191009125","CC1(O)c2ccccc2[N+]2=NOC(=C12)[O-]",3.980300023812361,0.0661,2.093621325873744
840621,"XURBOC","10.1021/jo901142f","CC(C)(C)C1=CC(=CC=C2C(=O)ON=C2c2ccccc2)C=C(O1)C(C)(C)C",3.1564000188833345,1.08,1.6819789760409296
797450,"WOKCEF","10.1016/j.mencom.2008.11.002","CC1(C)C(=O)C(=Cc2ccccc2)C(=N1=O)C(F)(F)F",3.4767000207995467,0.0477,1.8423783900153663
748761,"VEBJES","10.1021/ja0570786","c1ccc(cc1)c1c2ccccc2c(c2ccccc2)c2cc3c(cc12)c(c1ccccc1)c1ccccc1c3c1ccccc1",2.160800012927103,0.1685,1.1844718626077244
172236,"EMETIB","10.1039/C6DT01249C","OC1=C2SSN=C2c2ccccc2C1=O",3.1337000187475303,0.2645,1.6711556476421898
748769,"VEBJOC","10.1021/ja0570786","c1ccc(cc1)c1ccc(c2ccccc2)c2cc3c(cc12)c(c1ccccc1)c1cc2c(ccc(c4ccccc4)c2cc1c3c1ccccc1)c1ccccc1",2.1318000127536094,0.1732,1.1706245329808236
366263,"KAZROU","10.1016/j.poly.2012.05.018","C(COc1ccccc1)CN1C=C2C=C1C(=C1C=CC(=N1)C(=C1NC(=C(c3ccccc3)C3=NC(=C2c2ccccc2)C=C3)C=C1)c1ccccc1)c1ccccc1",1.8859000112824988,0.1737,1.0487493652855482
650236,"SELNII","10.1021/jo3000817","CN1C=C2C=C1C(=C1C=CC(=N1)C(=C1NC(=C(c3ccccc3)C3=NC(=C2c2ccccc2)C2C3ON=C2c2c(Cl)cccc2Cl)C=C1)c1ccccc1)c1ccccc1",2.034600012172105,0.1707,1.1231322305286586
383161,"KOKTUB","10.1039/C4OB01088D","CC(C)(C)Sc1cc[n+]([O-])c2cc(Cl)ccc12",3.767800022541069,0.0016,1.990008589452381
563044,"PUCPIN","10.1021/ja809045s","CC(C)[Si](C#Cc1c2cc3SC=Cc3cc2c(C#C[Si](C(C)C)(C(C)C)C(C)C)c2cc3c(Cl)c(Cl)c(Cl)c(Cl)c3cc12)(C(C)C)C(C)C",2.137200012785915,0.2341,1.1757029937704324
10793,"AHIJIL","10.1002/jhet.84","CC(C)[N+]([O-])=C1C(=O)N(C)c2ccccc12",3.557100021280544,0.0934,1.8863043683351155
938910,"DEVMUP","10.1002/chem.201704314","CC(C)(C)c1ccc(cc1)C(=C=C=C1c2cc3ccccc3cc2C(=O)c2cc3ccccc3cc12)c1ccc(cc1)C(C)(C)C",2.5016000149659576,0.8145,1.35879017214355
519482,"ONOYEW","10.1002/anie.201007654","CC(C)[Si](C#Cc1c2ccccc2c(C#C[Si](C(C)C)(C(C)C)C(C)C)c2nc3nc4ccccc4nc3nc12)(C(C)C)C(C)C",1.92140001149488,0.1674,1.06898620022198
530189,"OZUYIS","10.1021/om2004139","N1C2=C(c3ccccc3)C3=NC(=C(c4ccccc4)c4ccc(c5ccccc45)C(=C4C=CC(=N4)C(=C1C=C2)c1ccccc1)c1ccccc1)C=C3",2.0466000122438963,0.3253,1.1316542921088415
589,"ABELID","10.1107/S1600536804020082","OC1(Cc2ccccc2)c2ccccc2[N+]2=NOC(=C12)[O-]",3.9838000238333,0.0601,2.1007532122061976
652246,"SESNOT","10.1021/cm00004a007","COc1ccc(CC2=CC(C(=CC2=C(C#N)C#N)Cc2ccc(OC)cc2)=C(C#N)C#N)cc1",2.606900015595921,0.0005,1.4123644912577418
477654,"NENJUL","","CCNc1ccc(NCC)c2C(=O)c3ccccc3C(=O)c12",2.4625000147320404,0.2514,1.3405211285080345
748775,"VEBKAP","10.1021/ja0570786","c1ccc(cc1)c1c2cc3ccccc3cc2cc2cc3ccccc3cc12",2.2459000134362186,0.0479,1.2325717952781998
334384,"JAJPIW","10.1016/j.poly.2013.08.046","N#Cc1ccc(CN2C=C3C=C2C(=C2C=CC(=N2)C(=C2NC(=C(c4ccccc4)C4=NC(=C3c3ccccc3)C=C4)C=C2)c2ccccc2)c2ccccc2)cc1",1.8723000112011363,0.1901,1.0457857733368097
677073,"TAHHOA","","CN1C(=NC#N)C2=C(N(C)C(=NC#N)C2=C1c1ccccc1)c1ccccc1",2.8399000169898563,0.2943,1.529935089961805
334243,"JAJCEF","","Nc1nc2ccc(Cl)cc2c(c2ccccc2)c1c1ccccc1",2.7233000162922902,0.3305,1.4718502116473746
552897,"PIVCAZ","10.1021/ja076819v","CCCc1c2cc3ccccc3cc2c(CCC)c2cc3ccccc3cc12",2.242000013412887,0.1092,1.2320022609858703
58196,"BIWMEZ","","CC1=NN(C(=O)C1=NNc1ccc(Cl)cc1)c1ccccc1",3.084500018453188,0.4555,1.653704714295998
634541,"RUNLET","10.1002/chem.201501399","CN(C)c1ccc(cc1)c1c2cc3ccccc3cc2c(c2cc3ccccc3cc12)C(F)(F)F",2.2170000132633234,0.1287,1.2205323900727978
712972,"UBEREB","10.1039/C6CE02157C","CC(C)(C)OC(=O)N1C(=O)C2=C(N(CCCCCCBr)C(=O)C2=C1C1=CC=CS1)C1=CC=CS1",2.7120000162246876,0.6145,1.4680966731919791
451540,"MOGROR","10.1039/C4TC00550C","Fc1ccc2C(=O)C(Nc2c1)=C1Nc2cc(F)ccc2C1=O",2.715100016243233,0.337,1.4700488179758429
916957,"BEDVAK01","10.1021/acs.jpclett.7b01643","CCCCCCC1=Cc2c(S1)c1SC(=Cc1c1nc3cc(Br)c(Br)cc3nc21)CCCCCC",2.5933000155145582,0.0834,1.4099769643513005
285011,"HOFTAX","10.1093/carcin/20.1.147","O=N(=O)c1ccc2C3OC3c3cccc4C5OC5c1c2c34",1.0142000060675065,0.0002,0.620699040065452
940530,"GEZHAX","10.1016/j.tet.2018.04.015","O=P(Oc1ccccc1)(Oc1ccccc1)[N-]C1=C[N+](=NO1)c1ccccc1",3.9303000235132326,0.1247,2.079102745805602
666629,"SOVNEX","10.1016/j.molstruc.2008.12.020","Oc1cc2OC3=CC(=O)C(=CC3=C(c3ccccc3)c2cc1O)O",2.8176000168564452,0.0,1.5229433966905417
644874,"SAVGUT","10.1002/chem.201103002","CCOC(=O)C1=C2C=CC=CC2=C(N1)C(c1ccccc1)=C1N=C(C(=O)OCC)c2ccccc12",2.5161000150527046,0.8027,1.3727757356047945
191508,"FADYER","","Cc1cc[n+]([O-])c2ccccc12",3.8166000228330166,0.0019,2.0231124366585767
238123,"GEHMEL","10.1016/S0040-4020(01)85891-9","O=C(C1N(C2CCCCC2)C(N(C1=S)c1ccccc1)c1ccccc1)c1ccccc1",2.77260001658723,0.0011,1.50162654186926
513614,"OJOLAC","","CC1(C)OCC(CO1)(N=O)N(=O)=O",0.4252000025437821,0.0,0.3285066160322909
590825,"QOHGEB","10.1021/cg5010165","Ic1ccc(cc1)C1=C2C(=O)N(Cc3ccccc3)C(=C2C(=O)N1Cc1ccccc1)c1ccc(I)cc1",2.734400016358696,0.6523,1.4841698941307675
353032,"JUBPIH","10.1021/acs.joc.5b00021","COc1ccc(cc1)C(=C1SC2=CC(SC2=C1)=C(c1ccc(OC)cc1)c1ccc(OC)cc1)c1ccc(OC)cc1",2.7048000161816126,1.5504,1.4694093504210486
669917,"SUJHOW","10.1021/jo501969z","COC(=O)CCC1=C2N(C(=C1C)C#C[Si](C)(C)C)[B-](F)(F)[N+]1=C(C#C[Si](C)(C)C)C(=C(CCC(=O)OC)C1=C2C#C[Si](C)(C)C)C",2.3935000143192435,0.6294,1.3139760142227137
676022,"TADVEZ","10.1039/p19900002537","CCOC(=O)C1CN(c2ccccc2)C2([N-][N+](=NC12c1ccccc1)c1ccccc1)c1ccccc1",3.729100022309543,0.0182,1.9819287128866512
30362,"AWOJUR","10.1016/S0040-4020(02)01423-0","[O-]C1=C([N+](=NO1)c1ccccc1)C1=Nc2ccccc2S1",3.8418000229837768,0.4865,2.038570027201992
105817,"COQCAO","10.1039/C4CP02629B","COc1ccccc1C1=CC(=C(N1)N=C1N=C(C=C1c1ccccc1)c1ccccn1)c1ccccc1",2.4047000143862483,0.6474,1.3200501395860966
848631,"YARNUB","","COc1ccc(cc1)[N+]1=NOC(=C1C1=Nc2ccccc2S1)[O-]",3.8310000229191647,0.4849,2.033994977026804
567985,"PUWXIQ","10.1021/cg5011538","CC(C)[Si](C#Cc1c2ccccc2c(C#C[Si](C(C)C)(C(C)C)C(C)C)c2nc3cc(Br)c(Br)cc3nc12)(C(C)C)C(C)C",2.2225000132962283,0.1343,1.229796778225866
637415,"RUYVAI","10.1246/bcsj.75.1795","S1C=CC=C1C1=C2C=CC3=C4C(=C(S3)C3=CC=CS3)C=CC(=C24)S1",2.5109000150215954,0.8751,1.374183380559498
748489,"VAZPAO","10.1107/S160053680503984X","O=C1NC(=C2C(=O)NC(=C12)c1cccnc1)c1cccnc1",2.9069000173906865,0.5111,1.5722209836775958
51084,"BETSUO","10.1016/S0040-4039(00)86730-1","O1C(=CC(C=C1c1ccccc1)=C1C(C(c2ccccc2)C1=C1C=C(OC(=C1)c1ccccc1)c1ccccc1)c1ccccc1)c1ccccc1",2.5563000152932034,1.0107,1.3971184964496084
134753,"DICLIK","10.1107/S0108270186096816","CCN1C(=O)c2ccc3c4ccc5C(=O)N(CC)C(=O)c6ccc(c7ccc(C1=O)c2c37)c4c56",2.3692000141738685,1.4051,1.3035845304977185
24957,"ASEPUJ","10.1002/adma.200304935","Cc1cc2cc3cc4cc5cc(C)c(C)cc5cc4cc3cc2cc1C",2.251600013470319,0.0588,1.2453752961694224
467473,"NAHXUR","10.1002/ejoc.201000792","O=C1NC(C=C1)=C(C1=CC=C(S1)C(=C=C=C(C1=CC=C(S1)C(=O)c1ccccc1)c1ccccc1)c1ccccc1)c1ccccc1",2.3700000141786544,1.212,1.304754620055008
287212,"HONPOR","10.1246/cl.140361","BrC1=C(Br)C2=C(Br)c3ccccc3C2=C2c3ccccc3C(=C2c2ccccc12)Br",2.5716000153847367,0.289,1.4056040947882087
237301,"GEFBAU","10.1002/jhet.5570250238","CC(C)SC1=C2C(=S=C(SC(C)C)C2=C(SC(C)C)S1)SC(C)C",2.7015000161618703,0.2618,1.4709478821333977
567983,"PUWXEM","10.1021/cg5011538","CC(C)[Si](C#Cc1c2ccccc2c(C#C[Si](C(C)C)(C(C)C)C(C)C)c2nc3cc(I)c(I)cc3nc12)(C(C)C)C(C)C",2.124100012707544,0.0287,1.1822925027795297
951683,"CIHYAW","10.1002/cptc.201700228","Cc1ccc(cc1)N1c2ccccc2C(=O)C1=C1Nc2ccccc2C1=O",2.504000014980316,0.2758,1.372373007108309
634526,"RUNKES","10.1002/chem.201501399","COc1ccc(cc1)c1c2cc3ccccc3cc2c(c2cc3ccccc3cc12)C(F)(F)F",2.2228000132980217,0.1143,1.2323064842769529
343638,"JEZPOT","10.1039/c39900001675","CCOC(=O)C(O)=CC1=[N+]([O-])c2ccccc2NC1=O",3.1728000189814485,0.0108,1.7075455961342865
669020,"SUDZAU","10.1142/S1088424614500692","ClC1=C2NC=C1C(C1=CC=C(N1)C(=C1C=CC(=N1)C(=C1NC(=C2c2ccccc2)C=C1)c1ccccc1)c1ccccc1)c1ccccc1",2.0974000125478094,0.5075,1.1701290136650473
292132,"HUFRIL","10.1039/C5OB00889A","Oc1ccccc1C1=C2C=CC(=[N+]2[B-](F)(F)N2C(=CC=C12)Br)N1CCOCC1",2.825000016900717,0.6417,1.5342453733453174
483066,"NIHBEN","10.1021/jo301114k","Cc1ccc(cc1)C1=[N+]([O-])C(C)(C)Cc2ccccc12",3.7681000225428636,0.0298,2.006201540456626
560227,"POVDOT","10.1107/S0108270198005563","CC(C)(C)c1ccc(cc1)C1=C2C(=O)NC(=C2C(=O)N1)c1ccc(cc1)C(C)(C)C",2.8447000170185714,0.7042,1.5447949552345943
755425,"VEZGEN","10.1016/j.tet.2007.01.066","CCOc1ccc(cc1)[N+]1=NOC(=C1C1=NC(=C(N1CC(C)C)c1ccc(F)cc1)c1ccc(F)cc1)[O-]",4.11740002463257,0.3976,2.1815283039304387
824839,"XIHKAA","","Oc1c(SCc2ccccc2)c(SCc2ccccc2)c(O)c2ccccc12",3.2643000195288523,0.0693,1.7550472592905355
98560,"CIVJEY","10.1021/ic401507d","O=C(CN1C=C2C=C1C(=C1C=CC(=N1)C(=C1NC(=C(c3ccccc3)C3=NC(=C2c2ccccc2)C=C3)C=C1)c1ccccc1)c1ccccc1)OCc1ccccc1",1.9175000114715481,0.1705,1.082012018141462
899334,"ZUXGAC","10.1021/acs.joc.5b02051","CCN1C(Sc2ccccc12)=CC=C1OC(=O)C(=C1c1ccccc1)C#N",2.8412000169976337,1.3202,1.5440387508350442
316941,"IPAKOB","10.1021/acs.joc.5b00037","[O-][n+]1c(ccc2ccccc12)C1=NC=C(O1)c1ccccc1",3.429900020519563,0.0095,1.8386300217241385
577822,"QAYLEI","","O=C1[N-][N+](=Nc2ccc(Nc3ccccc3)cc2)c2ccccc12",3.0607000183108037,0.0002,1.6543286713521033
272791,"HEJCAC","10.1002/ejoc.201200761","CN1C(=O)C2=C(N(C)C(=O)C2=C1c1ccc(cc1)B1OC(C)(C)C(C)(C)O1)c1ccc(cc1)B1OC(C)(C)C(C)(C)O1",2.745700016426299,0.6306,1.4968596514412449
681418,"TATGEA","10.1016/0040-4039(95)02257-0","OCC1OC(C(O)C1O)[N+]1=CC(=O)N2C=CN=C2[N-]1",3.60890002159044,0.187,1.9291736741451528
532558,"PAHLUF","10.1021/ic00037a009","CC(C)(C)c1cc2N=C3C(=O)C(=CC(=C3Oc2c(c1)C(C)(C)C)C(C)(C)C)C(C)(C)C",2.3742000142037805,0.2009,1.3121411505303002
229688,"GAGMUY","","OC1(CC(=C2CCCCC2=[N+]1[O-])c1ccccc1)c1c(F)c(F)c(F)c(F)c1F",3.8817000232224808,0.6213,2.066135976598305
782602,"WEBKAP","10.1107/S0108768193007645","Clc1cccc(c1)C1=C2C(=O)NC(=C2C(=O)N1)c1cccc(Cl)c1",2.8718000171806994,0.5198,1.561541385810535
169841,"EKUFAT","10.1039/C6PY00346J","CCN1C(=O)C2=C(N(CC)C(=O)C2=C1c1ccc(Br)cc1)c1ccc(Br)cc1F",2.8704000171723236,0.4549,1.5609476334127024
741815,"VAGPEZ","","CC(C)(C)c1ccc(cc1)C1=C2C(=O)NC(=C2C(=O)N1)c1ccccc1",2.928200017518116,0.5718,1.5900591894561538
199421,"FEBBUL","10.1039/c2ob25351h","C[Si](C)(C)CCOCN1C=C2C=C1C(=C1C=CC(=N1)C(=C1NC(=C(c3ccccc3)C3=NC(=C2c2ccccc2)C=C3)C=C1)c1ccccc1)c1ccccc1",1.9261000115229976,0.1507,1.0890856176693609
951685,"CIHYIE","10.1002/cptc.201700228","O=C1C(Nc2ccccc12)=C1N(c2ccccc2)c2ccccc2C1=O",2.551100015262094,0.2756,1.4017528674293926
712986,"UBESAY01","10.1002/poc.3548","CCC(C)CN1C(=O)C2=C(N(CC(C)CC)C(=O)C2=C1C1=CC=CS1)C1=CC=CS1",2.7470000164340767,0.5016,1.49996719161044
419812,"LOTKEK","10.1016/S0040-4039(00)00599-2","C[Si]1(C)O[Si](C)(C)C2CC(=NO2)c2cccc(n2)C2=[N+]([O-])ON=C2c2cccc(n2)C2=NOC1C2",4.357600026069578,0.043,2.3053379289921705
172253,"EMEVOJ","10.1039/C6DT01249C","CC(=O)OC1=C2SSN=C2c2ccccc2C1=O",3.2919000196939705,0.2896,1.7726432293196368
542910,"PELHET","10.1055/s-1992-26251","CC(C)(C)N1C(=O)N2N=C3N(N=C2C1=O)C(=O)N(C3=O)C(C)(C)C",1.4959000089493029,0.0,0.8747007205636576
607185,"RAKVAB","","Nc1ccccc1C1=C2C=C(O)C(=O)C=C2CCN1",3.1730000189826453,0.0007,1.7133989827470817
781852,"WAXFAE","","O=N(=O)C1=CC(=C2C=C(C(=NN(c3ccccc3)c3ccccc3)C3=NON=C23)N(=O)=O)C2=NON=C2C1=NN(c1ccccc1)c1ccccc1",2.387100014280956,1.8006,1.3206338237913158
38362,"BAHQAC","10.1021/jo980964x","CN1CCC2=C(Br)C(=O)C3=C(C2=C1)S(=O)(=O)CCN3",3.152800018861797,0.341,1.7038098539406874
425661,"LUTLER","10.1002/ejic.200390016","Fc1cc(F)c2SN=S=Nc2c1",1.9361000115828235,0.0085,1.09553226690808
136030,"DIHDUU","10.1016/j.dyepig.2006.05.024","C=CCN1C(=O)C2=C(N(CC=C)C(=O)C2=C1c1ccccc1)c1ccccc1",2.9126000174247877,0.444,1.5842901037105843
712898,"UBEKUH","","Cc1ccc(cc1)N1N=C(N(Nc2ccc(Cl)cc2)C1=O)C1=C([O-])ON=[N+]1c1ccc(C)cc1",4.145200024798884,0.2395,2.200758317625656
51352,"BEVPUP","10.1021/ol303490b","CC(C)[Si](C#CC1=C2C=CC=CC2=C(C#C[Si](C(C)C)(C(C)C)C(C)C)C2=N[Se]N=C12)(C(C)C)C(C)C",2.376300014216344,0.0281,1.3170729419464142
209036,"FIHSEV","10.1016/j.bmc.2004.06.033","CCOC(=O)C1=C(C)N(C(S1)=NN=CC1=C([O-])ON=[N+]1c1ccc(C)cc1)c1ccccc1",3.4052000203717943,0.443,1.8320739827297359
669759,"SUHVOI","10.1021/jo501969z","COC(=O)CCC1=C2N(C(=C1C)C#C[Si](C)(C)C)[B-](F)(F)[N+]1=C(C(=C(CCC(=O)OC)C1=C2C#C[Si](C)(C)C)C)C1=CC=CS1",2.386800014279161,0.6538,1.3235813610194198
897398,"ZULKAS","10.1007/BF01433754","C=CCN1C=CC(=CC(C#N)=C2C(=O)c3ccccc3C2=O)c2ccccc12",2.625800015708991,1.1316,1.443140567748929
543542,"PENCEN03","10.1107/S010827010100703X","c1ccc2cc3cc4cc5ccccc5cc4cc3cc2c1",2.13580001277754,0.0616,1.198389941830008
639919,"SAHDUD","10.1021/acs.joc.6b02821","CC1(C)NN=C(C=[N+]1[O-])c1ccccc1",3.3084000197926824,0.0202,1.7848026367262173
930263,"SEKSEJ","10.1021/jacs.7b08726","O=C1c2ccccc2N(c2ccccc2)C1=C1N(c2ccccc2)c2ccccc2C1=O",2.324500013906448,0.1691,1.2930243361876954
514266,"OKANOE","10.1016/j.synthmet.2010.09.025","Brc1cc2cc3cc4cc5ccccc5cc4cc3cc2cc1Br",2.306400013798163,0.0605,1.284598330820348
169835,"EKUDOF","10.1039/C6PY00346J","CCCCN1C(=O)C2=C(N(CCCC)C(=O)C2=C1c1ccc(Br)cc1)c1ccc(Br)c(F)c1",2.9442000176138365,0.4741,1.603612636138868
205344,"FETVIL","10.1002/anie.201208058","Cc1cc(C)c(c(C)c1)C(=C=C=C=C=C=C=C(c1c(C)cc(C)cc1C)c1c(C)cc(C)cc1C)c1c(C)cc(C)cc1C",2.1402000128038625,0.0,1.2017864669149436
813371,"XATFOO","10.1021/jo050766n","CCCCCN1C(=O)c2cc(Cl)c3c4c(Cl)cc5C(=O)N(CCO)C(=O)c6cc(Cl)c(c7c(Cl)cc(C1=O)c2c37)c4c56",2.4289000145310258,0.5482,1.3462310294921205
843709,"YACQUO","10.1021/om991027y","COC(=O)C1=C(C(=O)OC)C(OC1=O)=CNC(C)C",3.6008000215419815,0.6995,1.9322790101938128
598143,"QUBVIS","10.1016/S0040-4039(01)00327-6","COC1=C(C#N)C(C(=C1OC)C#N)=C1C(=C(OC)C(=C1C#N)OC)C#N",2.5662000153524307,0.0019,1.4153800569529391
141191,"DMBCRY","10.1039/p29740001445","Cc1c2cccc3ccc4c(C)c5cccc6ccc1c(c56)c4c23",2.9087000174014563,0.994,1.5872139670365697
939052,"DEWYIQ","10.1016/j.tetlet.2018.01.019","C[N+]1=NOC(=C1)[N-]C(=O)OC(C)(C)C",4.155600024861102,0.2553,2.2106779015117053
946418,"REVKAH","10.1021/acs.joc.7b02867","CCOC(=O)NC(=S=O)c1cccc2ccccc12",4.065500024322073,0.2746,2.1659704666497386
836387,"XOZHUR","10.1016/j.mencom.2014.11.027","CC(C)[n+]1noc2[N-]C(=O)CSc12",3.7342000223400538,0.012,2.0003334052713333
933813,"XEKFEB","10.1021/acs.orglett.7b02919","Cc1ccc(cc1)C1=C2NC(=C(C3=NC(=C(c4ccc(C)cc4)c4cccc5c4Sc4c5cccc14)C=C3)c1c(F)c(F)c(F)c(F)c1F)C=C2",2.069700012382093,0.3063,1.1686375576335883
237968,"GEGXAS","10.1002/chem.200501118","Cc1ccc2c3ccc(C)cc3C(c2c1)=C1c2ccccc2Oc2ccccc12",2.4887000148887832,0.3631,1.3784212816632295
157454,"EBIGUR","10.1039/b001108h","CC(C)(C)OC(=O)N1C(=O)C2=C(N(C(=O)OC(C)(C)C)C(=O)C2=C1c1ccccc1)c1ccccc1",3.057400018291061,0.5241,1.6634104711244142
636252,"RUTXUA","10.1021/ic1000107","S1N=S=N[As]1c1ccccc1",3.2345000193505715,0.0298,1.7520047543367976
544646,"PERFUP","10.1002/chem.201204317","N1C(=CC(=C1N=C1N=C(C=C1c1ccccc1)c1ccccc1)c1ccccc1)c1ccccc1",2.4758000148116075,0.7352,1.3732467646793467
209040,"FIHSIZ","10.1016/j.bmc.2004.06.033","COc1ccc(cc1)[N+]1=NOC(=C1C=NN=C1SC=C(N1c1ccccc1)c1ccccc1)[O-]",3.3902000202820552,0.4835,1.830543886537976
534526,"PAMYUY","10.1107/S1600536805005829","CC(C)(C)OC(=O)N1C(=O)C2=C(NC(=O)C2=C1c1ccccc1)c1ccccc1",2.8792000172249703,0.5488,1.5751903444408293
387822,"KUHKUT","10.1107/S0108768192003033","CN1C(=O)C2=C(N(C)C(=O)C2=C1c1ccccc1)c1ccccc1",2.8811000172363372,0.4347,1.5765783971889418
667593,"SOYKUO","10.1039/C4TC02859G","CC(C)[Si](C#Cc1c2cc3nccnc3cc2c(C#C[Si](C(C)C)(C(C)C)C(C)C)c2cc3c(F)c(F)c(F)c(F)c3cc12)(C(C)C)C(C)C",2.2173000132651173,0.2406,1.245933673788125
865953,"YOHNUG","10.1039/C4TC00651H","O=C1C(Nc2cc(ccc12)C1=CC=CS1)=C1Nc2cc(ccc2C1=O)C1=CC=CS1",2.5681000153637967,0.4505,1.421372548164472
634538,"RUNLAP","10.1002/chem.201501399","Fc1c(F)c(F)c2c(F)c3nc4cc5ccccc5cc4nc3c(F)c2c1F",2.173300013001885,0.0531,1.2240725912672172
334386,"JAJPOC","10.1016/j.poly.2013.08.046","FC(F)(F)c1ccc(CN2C=C3C=C2C(=C2C=CC(=N2)C(=C2NC(=C(c4ccccc4)C4=NC(=C3c3ccccc3)C=C4)C=C2)c2ccccc2)c2ccccc2)cc1",1.9208000114912904,0.1775,1.0979012900827574
383060,"KOKMIH","10.1021/ol801358c","FC(F)(F)c1ccc(cc1)C1=C2C=CC=CC2=C(O1)C1=C2C=CC=CC2=C(O1)c1ccc(cc1)C(F)(F)F",2.4005000143611217,0.9591,1.337809105807926
602690,"QUTNOK","10.1002/chem.201503511","O=C(Nc1cccc2cc3cccc(NC(=O)OCc4ccccc4)c3[n+]([O-])c12)OCc1ccccc1",2.8655000171430087,0.1755,1.5707551607843826
483015,"NIGXIL","10.1021/jo062380y","BrCc1nc2ccc(Br)cc2[n+]([O-])c1CBr",3.5315000211273904,0.0005,1.9041479619666184
327591,"IWUPOH","10.1021/acs.joc.6b00758","CCCCC1=[N+]([O-])C2(CCCC(=O)C2)OC1=C(c1ccccc1)c1ccccc1",4.0013000239379934,0.6083,2.139081264395096
176365,"EQETOK","10.1039/c1cc10705d","CC1(C)CC2(C)NCCN2C(=N)C1=[N+](O)[O-]",3.843000022990956,0.0068,2.0602370653371644
352406,"JOXSEW","10.1021/jo501724d","COc1ccc(cc1)C1=C2NC(=C(c3ccc(C)cc3)C3=NC(=C(C4=CC=C(S4)C(=C(C)C4=CC=C1S4)C)c1ccc(OC)cc1)C=C3)C=C2",2.0123000120386942,0.4201,1.144956305586038
221353,"FOZTIZ","10.1021/acs.cgd.5b00105","CC(C)[Si](C#CC1=C2N=C3C4=C(SC=C4)C4=C(C=CS4)C3=NC2=C(C#C[Si](C(C)C)(C(C)C)C(C)C)C2=NSN=C12)(C(C)C)C(C)C",2.26130001352835,0.2914,1.2697860854689555
561510,"POZJAQ","10.1021/ja900133m","COc1ccc(cc1)C1=[N+]([O-])C(c2ccc(cc2)C(F)(F)F)C1=Cc1ccccc1",3.866800023133341,0.0006,2.072890386601688
755414,"VEZFIQ","10.1016/j.tet.2007.01.066","CCOc1ccc(cc1)[N+]1=NOC(=C1C1=NC(=C(N1CC(C)C)c1ccccc1)c1ccccc1)[O-]",4.109600024585906,0.3918,2.19445452816969
188685,"EZAFOC","10.1039/C6CC08079K","CN(C)c1ccc(cc1)N(C)C=CC=C(O)C=C1C(=O)OC(C)(C)OC1=O",2.8437000170125897,1.7687,1.5630940674419609
156089,"DUZVUQ","10.1016/j.tet.2010.02.018","CCCCCCCCNc1ccc(NCCCCCCCC)c2C(=O)c3ccccc3C(=O)c12",2.4666000147565685,0.2365,1.3747297851654678
668240,"STYPOL","10.1016/S0040-4039(01)85907-4","CC1CCC2C3(C)CCC(O)C(C)(C)C3CCC2(C)C21CC1=C(O2)C(=CC(=O)C1=O)C",1.734300010375544,0.0,1.0089050947006195
57334,"BIRVED","","CN(N=S=O)c1ccccc1",4.082300024422581,0.4824,2.1829998412097646
864569,"YOCFUS","10.1021/om701038p","C[Si](C)(C)N(P=PN(N([Si](C)(C)C)[Si](C)(C)C)[Si](C)(C)C)N([Si](C)(C)C)[Si](C)(C)C",3.2902000196838,0.1443,1.786955329400657
382737,"KOJNEE01","10.1039/C4SC01769B","CC(C)[Si](C#CC1=C2SC3=C4C(=C(C#C[Si](C(C)C)(C(C)C)C(C)C)c5ccccc45)SC3=C2c2ccccc12)(C(C)C)C(C)C",2.0571000123067127,0.2229,1.1706024917445417
610343,"RATHUQ","","CNN=C1C(=C(Nc2ccc(Cl)cc2)C(=C1C(=O)OC)OC)C(=O)OC",3.377100020203683,0.7755,1.8310121944780517
135625,"DIFYAT","10.1016/j.tet.2007.04.052","C[Si](C)(C)c1cc2cc3cc4cc5cc(c(cc5cc4c(Cl)c3cc2cc1[Si](C)(C)C)[Si](C)(C)C)[Si](C)(C)C",2.262100013533136,0.0578,1.2738661605441262
223247,"FUHPUV","10.1016/j.poly.2014.06.032","CC(C)c1ccc(CN2C=C3C=C2C(=C2C=CC(=N2)C(=C2NC(=C(c4ccccc4)C4=NC(=C3c3ccccc3)C=C4)C=C2)c2ccccc2)c2ccccc2)cc1",1.9608000117305928,0.177,1.1237110167054318
322973,"ISUGAG","10.1021/acs.orglett.6b01788","CN1C([N+](=CC2=CC=CS2)[N-]C1=O)c1ccccc1",3.614400021623344,0.5132,1.9507496357756309
370497,"KENGUG","10.1039/b607013b","Cc1ccc(cc1)C1=C2SC(=C(c3ccc(C)cc3)C3=NC(=C(C4=CC=C(S4)C(C)(C4=CC=C1N4)c1ccccc1)c1ccc(C)cc1)C=C3)C=C2",1.9850000118753703,0.4134,1.1363566915619066
189707,"EZOPAK","","CC1=NN(C(=O)C1=C(C#N)C1=CC=C(S1)N1CCCCC1)c1ccc(CCO)cc1",2.7004000161552897,0.3332,1.494078919996611
767384,"VOVSIK","10.1016/j.tet.2015.01.017","Oc1ccc(cc1)c1cc2c(ccc(c3ccc(O)cc3)c2C(c2ccc(O)cc2)=C2C=CC(=O)C=C2)cn1",2.1983000131514494,0.0003,1.2430734851041716
66439,"BOYZEV","10.1016/j.tetlet.2009.03.096","COc1cc2C(=O)C(=O)Nc3cc[n+](C)c(c1[O-])c23",2.266800013561254,0.0783,1.2776892240831526
43406,"BAWDOT","10.1016/S0040-4039(03)01672-1","ClC1=S=NN2c3ccccc3N=C12",3.038400018177393,0.0529,1.6637541508963414
359238,"KAGGEG01","10.1039/C3SC51158H","c1cc2cccc3c4cc5cccc6cccc(c4cc(c1)c23)c56",2.572300015388924,0.6547,1.4308673623208472
562411,"PTBZTS","","Cc1ccc(cc1)S(=O)(=O)N=S=C(Sc1ccccc1)c1c(C)cc(C)cc1C",3.815100022824043,0.4777,2.052630694096056
941662,"HETKOJ","10.1002/chem.201704252","CCC1=CC=C(N1)C1=C2C=CC(=[N+]2[B-](F)(F)N2N=NN=C12)CC",2.708000016200757,0.003,1.4993976573181105
259050,"GUNJIK","10.1002/hc.21270","CCN1N=CC2=C1C(C=CC2=C(C#N)c1ccc(Cl)cc1)=NO",3.2468000194241573,0.6886,1.7690034344573615
327616,"IWURID","10.1021/acs.joc.6b00758","CCCCC1=[N+]([O-])C(c2ccccc2)C(O)(Cc2ccccc2)C1=C(c1ccccc1)c1ccccc1",3.960000023690915,0.0076,2.1261517747870484
174915,"EPANEQ02","10.1021/jp410824u","CC(C)(C)OC(=O)N1C(=O)C2=C(N(C(=O)OC(C)(C)C)C(=O)C2=C1C1=CC=C(S1)C1=CC=CS1)C1=CC=C(S1)C1=CC=CS1",2.450800014662044,1.2704,1.3720489195182242
61698,"BOHYOM","10.1039/a905676i","N1C2=CC=C1C(=C1C=CC(=N1)C(=C1NC(=C(c3ccccc3)C3=CC=C(C2c2ccccc2)N3c2ccccc2)C=C1)c1ccccc1)c1ccccc1",2.120300012684809,0.4089,1.207036087313084
149264,"DPTSIM","10.1007/BF01203099","S(N=S=NSc1ccccc1)c1ccccc1",3.2979000197298656,0.4768,1.7961114162419332
693968,"TIJZOD","10.1021/jo3019126","Clc1ccc(Nc2ccc3N=C4C=C(Nc5ccc(Cl)cc5)C(C=C4N(c4ccc(Cl)cc4)c3c2)=Nc2ccc(Cl)cc2)cc1",2.6381000157825767,1.0797,1.4663420831027394
291873,"HUDWAF","10.1107/S1600536809050442","COC(C)=CC(=O)N1N=[N+]([O-])c2ccccc12",4.1463000248054644,0.5083,2.2207818153196737
455268,"MOTZOK","10.1002/hc.1087","Brc1ccc2N=S=NSc2c1",1.9423000116199152,0.0115,1.1187871165694
330207,"IYOBII","10.1039/c1cc13980k","CC(C)N1C(=O)c2c3ccccc3c3C(=O)N(C(C)C)C(=O)c4c5ccccc5c(C1=O)c2c34",2.074200012409014,0.1356,1.1851110580453588
768939,"VUDPIT","","CN(C)N1C(=O)C(SC1=S=O)=Cc1ccccc1",3.4102000204017067,0.5797,1.854059421270696
660416,"SIYJEP","10.1246/bcsj.64.659","CC(C)(C)c1ccc2c3ccc(cc3C(=C=C=C3c4cc(ccc4c4ccc(cc34)C(C)(C)C)C(C)(C)C)c2c1)C(C)(C)C",2.802900016768501,1.0686,1.550434786888355
319370,"IQITEI","10.1246/cl.2010.771","CCCc1ccc(CCC)c2cc3c(cc12)c(c1ccccc1)c1cc2c(CCC)ccc(CCC)c2cc1c3c1ccccc1",2.2505000134637387,0.1452,1.2747557007186392
313300,"ILUVOC","10.1021/acs.joc.6b00414","CCC1=C(C)NC(=C1C)C1=[N+]2C(=CC3=C(C)C=C(C)N3[B-]2(F)F)c2ccccc12",2.474900014806224,0.7307,1.3870021198260625
326941,"IWILOP","10.1246/bcsj.76.2361","CN1C=CN2C(=C1)N=C(c1ccccc1)C2=O",2.7428000164089497,0.3184,1.5210766956740187
591834,"QOLLAG","10.1002/chem.201402569","COCCC1(CCOC)c2cc(Br)ccc2c2cc3C=CN4C(=O)C5=C6N(C=Cc7cc8c9ccc(Br)cc9C(CCOC)(CCOC)c8cc67)C(=O)C5=C4c3cc12",2.373300014198396,0.7628,1.336425951113008
312902,"ILONUU","10.1021/acs.joc.6b00340","CCCCC1=CC2=C(S1)C1=CC3=C(c4ccccc4C3=CC1=C2c1c(C)cc(C)cc1C)c1c(C)cc(C)cc1C",1.936500011585217,0.0178,1.118097580075892
502718,"OBIZEH","10.1016/j.ica.2017.01.001","CC(C)(C)c1cc(c2OC3=C(C=C(C(=O)C3=Nc2c1O)C(C)(C)C)C(C)(C)C)C(C)(C)C",2.4492000146524715,0.2125,1.3746617567045614
352390,"JOXQUK","10.1021/jo501724d","COc1ccc(cc1)C1=C2NC(=C(c3ccc(I)cc3)C3=NC(=C(C4=CC=C(S4)C(=C(C)C4=CC=C1S4)C)c1ccc(OC)cc1)C=C3)C=C2",2.1350000127727533,0.4361,1.217644173661664
106739,"COSQUY","10.1039/C4OB01548G","COC(=O)CC(C(CC(C)C)NC(=O)OC(C)(C)C)N1N=[N+]([O-])c2ccccc12",3.926800023492294,0.1283,2.1135575294427125
778504,"WAMZOC","10.1039/C7TC00327G","O=C1NC2=C(SC(=C2)c2ccccc2)C1=C1C(=O)NC2=C1SC(=C2)c1ccccc1",2.4204000144801743,0.7126,1.3606103416887545
525490,"OVIXIC","10.1021/acs.joc.6b01654","CC(C)[Si](C#CC1=C2N=C3Cc4ccccc4C3=NC2=C(C#C[Si](C(C)C)(C(C)C)C(C)C)C2=NSN=C12)(C(C)C)C(C)C",2.6218000156850607,0.3836,1.4613262084927099
860349,"YILZEA","10.1016/j.tetlet.2013.06.039","CC1=CC(=C2N1[B-](F)(F)[N+]1=C(C)C=C(C)C1=C2C1=CC=C(I)S1)C",2.97320001778733,0.5401,1.6372254995104891
191042,"FACWEM","10.1107/S1600536802002283","CCN(CC)C=CC1=C(Cl)C(=O)C(=C(Cl)C1=O)Cl",2.217500013266314,0.1483,1.2597271248670088
631290,"ROZHAR","10.1002/chem.201406550","CCC1=C(C)C2=C(C3=CC=CO3)C3=C(C)C(=C(N3[B-](F)(F)[N+]2=C1C)C1=CC=CS1)C",2.5697000153733702,0.6665,1.43650479939186
127256,"DBDAAB","","Brc1ccc(N=NNc2ccccc2)c(Br)c1",3.3461000200182247,0.1856,1.824907048098729
169838,"EKUDUL","10.1039/C6PY00346J","CCCCN1C(=O)C2=C(N(CCCC)C(=O)C2=C1c1ccc(Br)c(F)c1)c1ccc(Br)c(F)c1",2.8784000172201845,0.4964,1.5913626148069666
685035,"TECKUH","10.1246/cl.1996.63","CCCCCCC1=NC2=C(C3=CC=CS3)C3=NSN=C3C(=C2N=C1CCCCCC)C1=CC=CS1",2.173900013005475,0.3484,1.2395743730997435
455266,"MOTZIE","10.1002/hc.1087","Brc1ccc2SN=S=Nc2c1",2.0216000120943316,0.0079,1.1634995038851008
44662,"BAZBIN","10.1107/S056774088200380X","S1C(=Nc2ccccc12)[N-][N+](=Nc1ccccc1)c1ccccc1",3.2240000192877547,0.5319,1.7647859418931395
603475,"QUYHIC","10.1107/S1600536810020398","CCCCCCN1C(=O)C2=C(N(CCCCCC)C(=O)C2=C1c1ccccc1)c1ccccc1",2.922300017482818,0.469,1.614881414902296
230673,"GAJTOD","10.1021/acs.cgd.5b01656","Ic1ccc(cc1)C1=C2C(=O)N(Cc3ccccc3)C(=C2C(=O)N1Cc1ccccc1)c1ccccc1",2.902600017364962,0.5622,1.605308177534485
961152,"YIFJUV","10.1039/C8QO00382C","Fc1ccc(cc1)C12N(C(=O)C3(CCN=C13)c1ccccc1N=O)c1ccccc1C2(F)F",0.9296000055613824,0.0001,0.6195512638492301
135299,"DIDZIB","10.1080/10426507.2012.743145","CC(C=Cc1ccccc1)=Pc1c(cc(cc1C(C)(C)C)C(C)(C)C)C(C)(C)C",3.6975000221204937,0.9435,2.0035084296794894
372114,"KETDAQ","10.1080/00958972.2012.740023","CC1=CC(=C2N1[B-](F)(F)[N+]1=C(C)C=C(C)C1=C2C1=CC=CO1)C",2.9532000176676787,0.5498,1.631472196362207
863382,"YIXPIF","10.1107/S1600536808005904","CCCCCCCCCCCOc1ccc(cc1)C(=O)Oc1ccc(OC(=O)c2ccc(NN=[N+]([O-])c3ccccc3)cc2)cc1",3.8592000230878734,1.1114,2.084649786640072
638784,"SADNAP","10.1016/j.tet.2015.12.032","[O-][N+](=CC1=CNc2ccccc12)c1ccccc1",3.843000022990956,0.4513,2.076740253349956
387166,"KUFHUQ","","CC(C)(C)OC(=O)C1=C2C=CC=CC2=C(N1)C(c1ccccn1)=C1N=C(C(=O)OC(C)(C)C)c2ccccc12",2.5705000153781556,0.7899,1.4408719545812132
889979,"ZITFAL","10.1080/10426507.2013.800984","Clc1c(Cl)c(Cl)c(SC(Sc2ccc3ccccc3c2)=S=O)c(Cl)c1Cl",3.70520002216656,0.056,2.0082668845992897
136027,"DIHDOO","10.1016/j.dyepig.2006.05.024","CCOC(=O)CN1C(=O)C2=C(N(CC(=O)OCC)C(=O)C2=C1c1ccccc1)c1ccccc1",2.9271000175115347,0.4862,1.619336734974905
590823,"QOHGAX","10.1021/cg5010165","O=C1N(Cc2ccccc2)C(=C2C(=O)N(Cc3ccccc3)C(=C12)c1ccccc1)c1ccccc1",2.8803000172315514,0.5576,1.5961866491517949
491428,"NOLJOP","10.1002/asia.201402389","Fc1c(F)c(F)c(c(F)c1F)C1=C2C=CC(=[N+]2[B-](F)(F)N2C(=CC=C12)Br)Br",2.8493000170460916,0.5518,1.580914803479515
552093,"PIQCAV","10.1107/S1600536813032868","CC1(C)OC(=C(C#N)C#N)C(=C1C=CC=CC=C1N(CCOC(=O)c2cc(OCc3ccccc3)cc(OCc3ccccc3)c2)c2ccccc2C1(C)C)C#N",2.5137000150383466,2.2963,1.4134001565838037
639931,"SAHFIT","10.1021/acs.joc.6b02821","[O-][N+]1=CC(=NNC1c1ccccn1)c1ccccc1",3.278700019615002,0.015,1.7961454304723858
571794,"QAGYAB","10.1021/jo402440m","COc1ccc(cc1)C(C=CC(c1ccc(OC)cc1)=C(C#N)C#N)=C(C#N)C#N",2.799000016745169,0.1168,1.5564389790016475
169449,"EKIWOK","10.1002/chem.200304586","CC1OC(=O)N(C1=C=C)S(=O)(=O)c1ccc(C)cc1",2.5764000154134528,0.0015,1.4451697207362344
197411,"FAVQUO","10.1016/S0008-6215(98)00251-1","CCC[n+]1cc([O-])ccc1C=O",3.4772000208025378,0.0001,1.895831319140764
723940,"UKATOR","10.1021/acs.cgd.6b00157","Fc1cc(F)cc(c1)C1=C2C(=O)N(Cc3ccccc3)C(=C2C(=O)N1Cc1ccccc1)c1cc(F)cc(F)c1",2.9641000177328896,0.4826,1.6397577910012413
309433,"IJIPAU","10.1002/anie.201508829","Fc1c(F)c(F)c(c(F)c1F)C1=C2NC(=C(c3ccccc3)c3cccc(n3)c3cccc(n3)C(=C3C=CC1=N3)c1ccccc1)C=C2",2.2541000134852758,0.3382,1.2854633807350748
650936,"SENPIM","10.1021/jo300444b","CC(=O)OC(C(=O)OC1C2OCOC2C(OCc2ccccc2)C(N=[N+]=[N-])C1OCc1ccccc1)c1ccccc1",1.6540000098951446,0.0,0.9861971939105246
102886,"COFTIA10","10.1107/S0108270185003067","Oc1ccccc1NN=[N+]([O-])c1ccccc1",3.8805000232153017,0.6893,2.0995844287908585
624688,"RIVBAZ","10.1039/a607063i","CC(C)(C)C1=C(N=O)C(=NN1)C(C)(C)C",0.8637000051671321,0.0002,0.5914189638899051
154678,"DUVFIK","10.1107/S1600536810029910","Cc1ccc(cc1)[N+]1=NOC(=C1C1=NN2C(=NN=C2SC1)COc1ccccc1)[O-]",3.801800022744475,0.2809,2.060494240136799
641795,"SAMGOC","","O=C1OC(=CC=CN2CCOCC2)C=C1c1ccccc1",3.2650000195330398,1.5635,1.7923015774353952
220066,"FOVYAS","10.1039/C4CC06063F","CCCCCCN1C(=O)C2=C(NC(=O)C2=C1c1ccccc1)c1ccccc1",2.9117000174194034,0.5015,1.615701566042477
105810,"COQBOB","10.1039/C4CP02629B","N1C(=CC(=C1N=C1N=C(C=C1c1ccccc1)c1ccccn1)c1ccccc1)c1ccccn1",2.4971000149390363,0.6465,1.4084463239252207
327613,"IWUREZ","10.1021/acs.joc.6b00758","CCOC(=O)C1=C(N)[N+](=C(C2CCCCC2)C1=C(c1ccccc1)c1ccccc1)[O-]",2.910300017411028,0.018000000000000002,1.6152876808847385
369325,"KEJWON","","COc1cccc(C=CC2=CNc3ccccc3N2)c1",1.7723000106028808,0.106,1.0463222457870909
136047,"DIHFUW","10.1016/j.tetlet.2007.03.122","CC(C)c1cc(C(C)C)c(c(c1)C(C)C)[Si]1(c2ccccc2)C(=Cc2ccccc2)C=C1C1=CCCCC1",3.4531000206583577,0.6777,1.8867658734266253
477290,"NEMHAO","10.1002/1099-0682(200108)2001:8<2123::AID-EJIC2123>3.0.CO;2-G","COc1ccc(cc1)N=S=Nc1c(F)c(F)nc(F)c1F",3.1129000186230926,0.8364,1.71673172434869
669945,"SUJKIT","10.1021/jo501969z","COC(=O)CCC1=C2N(C(=C1C)C#C[Si](C)(C)C)[B-](F)(F)[N+]1=C(Cl)C(=C(CCC(=O)OC)C1=C2C#C[Si](C)(C)C)C",2.5947000155229336,0.65,1.4584896937046878
413255,"LITPIP","10.1002/ejic.201301549","BrC1C(Br)c2ccc(Br)c3c(Br)ccc1c23",2.6621000159261583,0.2344,1.4932982254177076
79119,"CAMJOP","10.1039/p29830001357","CCCCNc1ccc(NCCCC)c2C(=O)c3ccccc3C(=O)c12",2.5209000150814216,0.2472,1.4227774719785118
221350,"FOZTEV","10.1021/acs.cgd.5b00105","CC(C)[Si](C#CC1=C2N=C3c4ccccc4c4ccccc4C3=NC2=C(C#C[Si](C(C)C)(C(C)C)C(C)C)C2=NSN=C12)(C(C)C)C(C)C",2.4275000145226504,0.2977,1.3761254571012511
258658,"GUMCOI","10.5012/bkcs.2014.35.4.1221","N1C=C(C=N1)C1=CC=C(S1)C1=CC=CS1",2.826900016912083,0.5906,1.5759011058129522
492414,"NONZIZ","","N#CC(C#N)=C1C=CC(C2=N[Se]N=C12)=C(C#N)C#N",3.5573000212817405,0.9348,1.9412471480032032
352460,"JOXYEA","10.1016/0040-4039(92)88185-8","O=C1C(NC(=C1c1ccccc1)c1ccccc1)=C1NC(=C(C1=O)c1ccccc1)c1ccccc1",2.3323000139531116,0.2159,1.328995610300873
164094,"EGEFED","10.1021/jo5008256","CC1(C)C2=CC=C(N2)C(=C2NC(=C(C3=NC(=C(C4=CC=C1N4)c1c(F)c(F)c(F)c(F)c1F)C=C3)c1c(F)c(F)c(F)c(F)c1F)C=C2)c1c(F)c(F)c(F)c(F)c1F",2.256900013502027,0.3804,1.2914920631019662
440842,"MERDUJ","10.1021/jo060923y","CCc1c(CC)c(CC)c2cc3c(CC)c4cc5c(CC)c(C(=O)OC)c(C(=O)OC)c(CC)c5cc4c(CC)c3cc2c1CC",2.2183000132711004,0.09,1.2722677637804871
458811,"MUDHUO","10.2116/analsci.18.221","Cc1cc(C)cc(CN2C(=O)C3=C(N(Cc4cc(C)cc(C)c4)C(=O)C3=C2c2ccc3ccccc3c2)c2ccc3ccccc3c2)c1",2.6468000158346245,0.6521,1.4867693977433212
680378,"TAQXER","10.3390/molecules21050596","ClC1=C2SSN=C2c2ccccc2C1=O",3.259700019501332,0.2817,1.7932738130100199
266920,"HAPBOS","10.1002/adsc.201600834","Clc1cccc(Cl)c1c1[n+]([O-])c2ccccc2c(c2ccccc2)c1c1ccccc1",3.838100022961641,0.0687,2.0825477071510403
631292,"ROZHEV","10.1002/chem.201406550","CCC1=C(C)C2=C(C3=CC=CO3)C3=C(C)C(=C(C#C[Si](C)(C)C)N3[B-](F)(F)[N+]2=C1C)C",2.6861000160697395,0.6755,1.5069243264231174
455263,"MOTZEA","10.1002/hc.1087","Brc1cccc2SN=S=Nc12",1.969100011780248,0.01,1.1485155547403545
626578,"ROBTIM","10.1002/chem.200800662","O=C1C=C2OCOC2=CC1=CC=Cc1ccccc1",2.9423000176024696,0.1026,1.6357650644702209
96984,"CIPWIH","10.1039/p29840001331","COc1ccc2N(C)C=C(C3=CC(C(=O)N3C)=C3C(=O)N(C)c4ccccc34)c2c1",2.583100015453536,0.6494,1.4562107402148243
295697,"HUTLEO","10.1016/j.tetlet.2010.01.069","O=C1N(Cc2ccccc2)C(=C2C(=O)N(Cc3ccccc3)C(=C12)c1ccc(cc1)N1CCOCC1)c1ccc(cc1)N1CCOCC1",2.702500016167853,0.8761,1.5163038187303564
612312,"RAYVOF","10.1039/C7TC01453H","CCCCN1C(=O)C2=C(N(CCCC)C(=O)C2=C1c1ccc(Cl)cc1)c1ccc(Cl)cc1",3.007200017990737,0.471,1.6688658095896718
60204,"BOCMUB","10.1107/S0567740882011157","CC(C)Nc1ccc(NC(C)C)c2C(=O)c3ccccc3C(=O)c12",2.4941000149210883,0.2492,1.4125696651029138
887554,"ZIFPIP","10.1039/C3OB41278D","CCN(CC)c1ccc(cc1)C=C1SC2=CC(SC2=C1)=C(C#N)C#N",2.0924000125178965,0.0165,1.2119363135346228
255894,"GUBHUG","10.1002/jhet.5570350123","Cc1ccc(cc1)N=C1N(c2ccc(C)cc2)C(c2ccccc12)=C1N(c2ccc(C)cc2)C(c2ccccc12)=C(C#N)C#N",2.567500015360208,0.8167,1.4498938892898598
99904,"CIYZOZ","10.1071/CH9831843","O=N(=O)C1=CC2=[N+]([O-])N(N=C2C(=C1)N(=O)=O)c1c(cc(cc1N(=O)=O)N(=O)=O)N(=O)=O",3.045100018217477,0.0381,1.6888974706994937
557041,"POJNOR","10.1002/anie.199419661","CC1(C)CSC(=CC=C2SCC(C)(C)C2=C(C#N)C#N)C1=C(C#N)C#N",2.379300014234292,0.5214,1.3562042742281275
791293,"WIKKEG","10.1107/S0108270194002635","CSC1=CC(C(=CC1=C(C#N)C#N)SC)=C(C#N)C#N",2.2925000137150056,0.0,1.3128423879193811
689852,"TEWGEI","10.1246/bcsj.80.349","C[Si](C)(C)C1=CC=C([Se]1)C(=C=C=C(C1=CC=C([Se]1)[Si](C)(C)C)C1=CC=C([Se]1)[Si](C)(C)C)C1=CC=C([Se]1)[Si](C)(C)C",2.3207000138837137,0.5606,1.327156392870018
669928,"SUJJIS","10.1021/jo501969z","COC(=O)CCC1=C2N(C(=C1C)C#C[Si](C)(C)C)[B-](F)(F)[N+]1=C(C#C[Si](C)(C)C)C(=C(CCC(=O)OC)C1=C2C1=CC=CS1)C",2.4887000148887832,0.5928,1.4114406647418032
573807,"QAMTEF","10.1039/c2jm16173g","COc1ccc(cc1)C#Cc1c2ccccc2c(C#Cc2ccc(OC)cc2)c2c(c3ccccc3)c3ccccc3c(c3ccccc3)c12",2.3877000142845453,0.4227,1.3611376983348271
302544,"IDBANT","10.1107/S0365110X64002596","O=C1c2ccccc2c2ccc3c4ccc5C(=O)c6ccccc6c6ccc(c7ccc1c2c37)c4c56",2.258000013508608,0.4784,1.2963275262190206
25044,"ASEWUR","10.1016/j.tetlet.2011.04.061","CCOC(=O)C1=CN(NN1)c1ccc2N(C)C3C(=CN(C)CCC3(CC)c2c1)C(=O)OCC",2.373800014201388,0.3238,1.354271449533695
472635,"NAWCAP","","CN1CCN(C)C2=C(C#N)C(=C3SC=C(S3)c3ccccc3)C(=C12)C#N",3.0233000180870566,0.7937,1.679433623081179
391993,"KUYNEZ","10.1016/j.inoche.2015.12.016","OC1=C(N=Nc2ccccn2)c2cccc3cccc1c23",1.6531000098897606,0.004,0.9943753851885088
501854,"OBASUF","10.1071/CH99087","BrC1C2CC(C(Br)c3cc4ccccc4[n+]([O-])c23)c2[n+]([O-])c3ccccc3cc12",3.860900023098044,0.0371,2.0982856837704325
675026,"TABPUJ","10.1021/ja100238h","C[N+]1=C(C=Nc2c([O-])c3cccnc3c3ncccc23)C2CC3CC(CC1C3)C2",2.696500016131957,0.0827,1.5165596057361876
269713,"HAXQEE","10.1107/S0108270112006440","Brc1ccc2C(=O)C(Nc2c1)=C1Nc2ccccc2C1=O",2.6442000158190697,0.3371,1.4905242967721417
154640,"DUVCED","10.1107/S160053681002982X","Cc1ccc(OCC2=NN=C3SCC(=NN23)C2=C([O-])ON=[N+]2c2ccccc2)cc1",3.8315000229221567,0.2793,2.084186920987511
525480,"OVIWOH","10.1021/acs.joc.6b01654","CC(C)[Si](C#CC1=C2N=C3C=Cc4cc5ccccc5cc4C3=NC2=C(C#C[Si](C(C)C)(C(C)C)C(C)C)C2=NSN=C12)(C(C)C)C(C)C",2.432200014550768,0.3228,1.3845944564848969
279926,"HIMYUZ","10.1016/j.jfluchem.2013.09.012","F[B-]1(F)OC2=C(Nc3ccccc23)C2=[N+]1c1ccccc1C2=O",2.379100014233096,0.2905,1.3584173761696157
734673,"UTOKIY","10.3987/COM-08-11337","CC1OC=CC(=[Se])C1=O",1.0458000062565551,0.0,0.692263622197016
813412,"XATJAE","","CCCCN1C(=O)C2=C(N(CCCC)C(=O)C2=C1c1ccc(Br)cc1)c1ccc(Br)cc1",3.0304000181295327,0.4758,1.685455230463783
813439,"XATKIN","","CCCCN1C(=O)C2=C(N(CCCC)C(=O)C2=C1c1ccc(cc1)C#C)c1ccc(cc1)C#C",2.9487000176407583,0.5362,1.6447352975557556
594822,"QOWYAC","10.1039/b100988p","CC1=NN(c2ccccc2)C(=C1C(c1ccccc1C(O)=O)=C1C(=NN(c2ccccc2)C1=O)C)O",2.51410001504074,0.1476,1.4275038174384809
460334,"MUKGII","","COc1ccccc1C1=C2C(=O)N(CCCCl)C(=C2C(=O)N1CCCCl)c1ccccc1OC",3.048200018236022,0.4588,1.6946080519610112
886639,"ZEZDEP","10.1002/asia.201200834","CC(C)[Si](C#Cc1c2cc3OC=Cc3cc2c(C#C[Si](C(C)C)(C(C)C)C(C)C)c2cc3OC=Cc3cc12)(C(C)C)C(C)C",2.5172000150592853,0.4141,1.4294491593737797
385445,"KOWXAW","","OC1=C2C(=O)c3ccccc3C(=C2C(=O)C(=C1)Nc1ccccc1)Nc1ccccc1",2.567500015360208,0.3548,1.4546934333872772
215749,"FOGHOY","10.1039/c39870001546","C1SN=S=NS1",3.0159000180427853,0.0399,1.6789078991256914
114935,"CURCID","10.1039/C5RA07660A","CCCCCCN1C(=O)C(C2=C1c1ccccc1S2)=C1C(=O)N(CCCCCC)C2=C1Sc1ccccc21",2.304100013784403,0.4052,1.3231239376358117
39997,"BAMLEJ","10.1039/C6CE02582J","COc1ccccc1C1=CC(=C(N1)N=C1N=C(C=C1c1ccc(cc1)C#N)c1ccccc1OC)c1ccc(cc1)C#N",2.417700014464021,0.7039,1.3799345067828748
377926,"KIQVIP","10.1002/(SICI)1098-1071(1999)10:2<113::AID-HC4>3.0.CO;2-R","COc1cccc2SN=S=Nc12",1.9562000117030724,0.0103,1.1492728475899832
335155,"JALZEB","10.1002/anie.198902151","CC(C)(C)c1cc(c(P=PNC23CC4CC(CC(C4)C2)C3)c(c1)C(C)(C)C)C(C)(C)C",3.627000021698724,0.0115,1.9848101264368447
381760,"KOFMAU","","CN1c2ccccc2C(C)(C)C1=CC=CC=CC=C(C#N)C#N",2.7985000167421785,1.9861,1.5706258522858472
67361,"BRMOTR","10.1246/bcsj.37.1871","COC1=C(Br)C=CC=CC1=O",3.0330000181450867,0.054000000000000006,1.6880465706790944
460391,"MUKLIN","","CCOC(=O)CCCCN1C(=O)C2=C(N(CCCCC(=O)OCC)C(=O)C2=C1c1ccccc1OC)c1ccccc1OC",3.1747000189928154,0.3128,1.759174137954185
704972,"TPDTPY","10.1107/S0567740880005110","S1C(=CC(C=C1c1ccccc1)=C1C=C(SC(=C1)c1ccccc1)c1ccccc1)c1ccccc1",2.5208000150808227,0.0642,1.4324263569949005
554778,"PMTHTZ","10.1107/S0567740879003113","CN1N=C2C(=N1)C(=S=C2c1ccccc1)c1ccccc1",2.9122000174223945,0.6074,1.6285600339379818
674657,"SUZSIQ","10.1107/S1600536810033106","CCOC(=O)C1C(CC(=CC1=O)C1=C([O-])ON=[N+]1c1ccccc1)c1ccc2OCOc2c1",3.4070000203825623,0.0005,1.87603179836122
377930,"KIQVUB","10.1002/(SICI)1098-1071(1999)10:2<113::AID-HC4>3.0.CO;2-R","FC(F)(F)c1cccc2SN=S=Nc12",1.962300011739566,0.0109,1.153800822059533
366857,"KEBWEW","10.1002/chem.201700421","CC(C)[Si](C#Cc1c2ccccc2c(C#C[Si](C(C)C)(C(C)C)C(C)C)c2nc3cc(C#N)c(cc3nc12)C#N)(C(C)C)C(C)C",2.1591000129169333,0.1972,1.2523582818029364
835373,"XOWDAQ","10.1039/C4SC02742F","COc1ccc(cc1)C1=C=C=C(C#CC(=C=C=C(C#CC(OC)(C#CC(OC)(C#C1)C(F)(F)F)C(F)(F)F)c1ccc(OC)cc1)c1ccccc1)c1ccccc1",2.1467000128427496,0.8596,1.2465538212534883
218018,"FONWUC","10.1039/C4TC02170C","CCCCC(CC)CN1C(=O)C(C2=C1C=C(S2)C1=Cc2ccccc2S1)=C1C(=O)N(CC(CC)CCCC)C2=C1SC(=C2)C1=Cc2ccccc2S1",2.132600012758396,1.108,1.239533283909752
414543,"LIYPOZ","10.1016/j.orgel.2007.11.009","Clc1c2ccccc2c(Cl)c2c(Cl)c3ccccc3c(Cl)c12",2.49690001493784,0.1207,1.4216930982624132
637011,"RUXMAA","10.1039/C5RA21947G","Cc1ccc(cc1)C1=C2SC(=C(c3ccc(C)cc3)C3=NC(=C(C4=CC=C(S4)C(C4=CC=CN4)(C4=CC=C1N4)c1ccc(C)cc1)c1ccc(C)cc1)C=C3)C=C2",1.9961000119417764,0.3425,1.1720558518314586
692474,"TIDKIC","10.1016/j.bmc.2013.02.027","CN1N=CN=C1C1=C2N=[N+]([O-])c3ccc(OCc4ccccc4)cc3N2N=C1",3.787100022656532,0.0352,2.0680375081843865
511358,"OHEGEP","10.1039/C5OB01008J","COc1ccc2CCc3c4c(C#C[Si](C)(C)C)c5cc6ccccc6cc5c(C#C[Si](C)(C)C)c4c4CCc5ccc(OC)c(Br)c5c4c3c2c1Br",2.2691000135750143,0.1923,1.309205042024925
669926,"SUJJEO","10.1021/jo501969z","COC(=O)CCC1=C2N(C(=C1C)Cl)[B-](F)(F)[N+]1=C(Cl)C(=C(CCC(=O)OC)C1=C2C#C[Si](C)(C)C)C",2.7204000162749407,0.5409,1.5353215836394252
492406,"NONZAR","","N#CC(C#N)=C1C=CC(C2=NON=C12)=C(C#N)C#N",3.697100022118101,1.089,2.0239486153052013
631284,"ROZGEU","10.1002/chem.201406550","CCC1=C(C)C2=C(C3=CC=CO3)C3=C(C)C(=C(N3[B-](F)(F)[N+]2=C1C)C1=CC=CO1)C",2.601300015562418,0.6303,1.4762622656360225
313304,"ILUWAP","10.1021/acs.joc.6b00414","CC1=CC(=C2C=C3[N+](=C(C4=C(C)c5ccccc5N4)c4ccccc34)[B-](F)(F)N12)C",2.50550001498929,0.7424,1.4287378537611497
440059,"MENBAJ","10.1107/S1600536806030935","[O-][n+]1c2ccccc2ccc1c1ccccc1",3.774500022581152,0.0224,2.0634670839545133
44711,"BAZDOV","10.1107/S0567740882003823","CC1=Nc2ccc(N=O)c(CCc3ccccc3)c2S1",0.9931000059412746,0.0001,0.6730423161209863
425667,"LUTLOB","10.1002/ejic.200390016","Fc1cc(F)c2SN=S=Nc2c1F",2.1406000128062557,0.0115,1.2475579213602264
501853,"OBASOZ","10.1071/CH99087","[O-][n+]1c2ccccc2cc2CC3C(Cc4cc5ccccc5[n+]([O-])c34)c12",3.971900023762108,0.0078,2.1635200814156224
521568,"OQOWOI","10.1016/j.tetlet.2016.07.036","O=C1N(C(=O)c2ccccc12)C(=[N+]([O-])c1ccccc1)c1ccccc1",3.602800021553946,0.0014,1.9790921981048157
222100,"FUDGUG","","COc1ccc(cc1)N1N=NC2=C1N=C1N(N(C)N=C1c1ccccc1)C2=O",2.882000017241721,0.0119,1.6188872028961276
44115,"BAXVOL","10.1107/S0567740882002660","COc1ccc2N=C3C=C(N)C(=O)C=C3Oc2c1",3.121000018671552,0.471,1.7384137559531414
639724,"SAGSID","10.1016/j.dyepig.2003.08.009","Cc1cc(cc(C)c1O)C(c1ccccc1)=C1C=C(C)C(=O)C(=C1)C",3.048800018239612,0.0447,1.7023668341821054
723941,"UKATUX","10.1021/acs.cgd.6b00157","Fc1cc(F)cc(c1)C1=C2C(=O)N(Cc3c(F)c(F)c(F)c(F)c3F)C(=C2C(=O)N1Cc1c(F)c(F)c(F)c(F)c1F)c1cc(F)cc(F)c1",2.924400017495381,0.4917,1.640425014166056
377925,"KIQVEL","10.1002/(SICI)1098-1071(1999)10:2<113::AID-HC4>3.0.CO;2-R","Cc1ccc2SN=S=Nc2c1",2.036200012181677,0.0077,1.1964002453544833
287737,"HOQFAW","10.1039/C4CC05886K","CN1C=CC(=CC=C2C=CN(C)C=C2c2c(C)cc(C)cc2C)C(=C1)c1c(C)cc(C)cc1C",2.9183000174588885,0.4388,1.6380614332541443
313311,"ILUWOD","10.1021/acs.joc.6b00414","CC1=CC=C(N1)C1=[N+]2C(=CC3=C(C)C=C(C)N3[B-]2(F)F)c2ccccc12",2.5661000153518327,0.7301,1.4622560215181086
693617,"TIHXNO10","10.1107/S0567740876007449","Oc1ccc2ccccc2c1N=NC1CCC(I)CC1",1.3556000081099504,0.0169,0.8570960428906196
237879,"GEGQUF","10.1002/chem.200501169","c1ccc(cc1)c1c2cccc3c4ccccc4c(c23)c2c(c3ccccc3)c3cccc4c5ccccc5c(c34)c12",2.1660000129582127,0.2672,1.2624373788272325
496495,"NUGJIK","10.1016/j.tet.2015.04.061","[O-][n+]1c2ccccc2ccc1C1=NC2(CCCCC2)N=C1c1ccccc1",3.7753000225859368,0.034,2.067249466479288
490793,"NOJKUT","10.1107/S0108270108033404","CCCCCCCCCCN1C=CC(=CC=CC2=C(C#N)C(OC2(C)C)=C(C#N)C#N)c2ccccc12",2.3190000138735427,1.2617,1.3396360782078829
232543,"GAPBAD","10.1002/chem.201605332","Fc1c(F)c(F)c(c(F)c1F)C1=C2C=CC3=C(c4ccccc4)c4cccc(c4)c4ccccc4C(=C4C=CC1=[N+]4[B-](Cl)(N23)c1ccccc1)c1ccccc1",2.1155000126560943,0.2679,1.2379090363376506
752801,"VEQJOQ","","NC1=Cc2cccc3cccc(C1=O)c23",2.750000016452024,0.1346,1.5553037472250144
561986,"PRFLID10","10.1107/S0567740878010675","CC(C)OC(=O)c1cccc2c3ccccc3C(c12)=C1c2ccccc2c2cccc(C(=O)OC(C)C)c12",2.5221000150886,0.3278,1.4417204055842958
564522,"PUJVUM","10.1107/S1600536810005088","COC(=O)c1c(C)nc(C)c(C(=O)OCC(C)C)c1c1ccccc1N=O",0.9725000058180341,0.0002,0.6676803126969645
762032,"VIYMOH","10.1007/s10870-013-0489-8","Cc1cc(N=O)c(C)c(C)c1C",0.989700005920934,0.0001,0.6763031924474746
629426,"ROMCOM","10.1107/S1600536809000543","Oc1ccc(cc1C=[NH+]c1cc(ccc1[O-])N(=O)=O)N(=O)=O",2.168500012973169,0.3202,1.2658105021148351
177656,"EREHAM","10.1021/acs.cgd.6b00887","Fc1c(F)c(F)c(CN2C(=O)C3=C(N(Cc4c(F)c(F)c(F)c(F)c4F)C(=O)C3=C2c2ccccc2)c2ccccc2)c(F)c1F",3.202200019157335,0.4462,1.783519619927288
54585,"BIGXEW","10.1021/jo4006624","Cc1ccc(cc1)C1=C2SC(=C(c3ccc(C)cc3)C3=NC(=C(c4ccccc4)c4cccc5c4cccc5C(=C4C=CC1=N4)c1ccccc1)C=C3)C=C2",2.0824000124580717,0.3636,1.2243324600056988
290751,"HPTPOL","10.1039/C39790000363","Oc1ccc(cc1)[n+]1c(cc(c2ccccc2)c([O-])c1c1ccccc1)c1ccccc1",3.05290001826414,0.2736,1.7096809823652424
669939,"SUJKAL","10.1021/jo501969z","COC(=O)CCC1=C2N(C(=C1C)C1=CC=CS1)[B-](F)(F)[N+]1=C(C(=C(CCC(=O)OC)C1=C2C#C[Si](C)(C)C)C)C1=CC=CS1",2.432000014549572,0.6063,1.3994265661229175
631288,"ROZGUK","10.1002/chem.201406550","CCC1=C(C)C2=C(C3=CC=CS3)C3=C(C)C(=C(N3[B-](F)(F)[N+]2=C1C)C1=CC=CO1)C",2.535200015166972,0.6412,1.4512460230121482
181769,"ETOBUK","10.1107/S1600536804007135","CC(=O)Oc1ccc2C(=CC(=O)Oc2c1C[N+]1=NOC(=C1)[O-])C",4.339900025963687,0.0095,2.3538250796790043
364905,"KAWNEC","10.1016/j.tet.2005.09.005","COc1ccc(cc1)N1C(=O)C2=C(N(C)C(=O)C2=C1c1ccccc1)c1ccccc1",2.997400017932108,0.4916,1.68295559264862
912407,"TEFNEA","10.1016/j.tet.2016.11.070","FC(F)(F)c1ccc(cc1)c1ccc2ccccc2[n+]1[O-]",3.777500022599099,0.0183,2.073755708639762
727578,"UMINUB","10.1002/asia.201600167","N1C(=CC(=C1N=C1N=C(C=C1c1cccc2ccccc12)C1=CC=CS1)c1cccc2ccccc12)C1=CC=CS1",2.346600014038662,0.6399,1.3585009151230245
709468,"TUPPIE","10.1107/S1600536810017812","Cc1ccc(cc1)[N+]1=NOC(=C1C1=NN2C(=NN=C2SC1)COc1cccc2ccccc12)[O-]",3.8357000229472833,0.2719,2.103118970018266
689087,"TETCEN","10.1107/S0365110X62000699","c1ccc2cc3cc4ccccc4cc3cc2c1",2.64710001583642,0.063,1.5090552499846217
535848,"PAQYEM","10.1016/j.dyepig.2004.09.022","CCN1C(=O)C(=NC=C2N(C)c3ccccc3C2(C)C)C(=C(C#N)C1=O)C",2.8709000171753147,0.9363,1.6211852043582624
644883,"SAVHEE","10.1002/chem.201103002","CCOC(=O)C1=C2C=CC=CC2=C(N1)C(=C1N=C(C(=O)OCC)c2ccccc12)c1c(F)c(F)c(F)c(F)c1F",2.6060000155905363,0.7532,1.4888774637480002
708632,"TULYAA","10.1021/ja961562e","C1CCCc2c3c(ccc(c4ccccc4)c3c(CC1)c1c(ccc(c3ccccc3)c21)c1ccccc1)c1ccccc1",2.840300016992248,0.2242,1.606086151022222
397133,"LAPHEQ","10.1021/ol050151c","CCOC(=O)C1=C(CC)C(=C(N1)C1=NC(C(=C1CC)CC)=C1N=C(C(=C1CC)CC)C1=C(CC)C(=C(N1)C(=O)OCC)CC)CC",2.3955000143312093,1.034,1.3837900879296297
526512,"OWIYUQ02","10.1039/C6CC06445K","c1cc(cc(c1)c1cc2ccc3ccc4ccc5ccc1c1c5c4c3c21)N=Nc1cccc(c1)c1cc2ccc3ccc4ccc5ccc1c1c5c4c3c21",3.766600022533889,0.0013,2.0693825669533235
679686,"TAPHAW","10.1039/C7QO00125H","Cc1ccc(C)c2c1c1ccccc1C2=C1c2ccccc2c2c(C)ccc(C)c12",2.508300015006041,0.4165,1.4402624195613445
826352,"XINBIH","10.1021/jo301618b","CN1C=C(c2ccccc12)C1=[N+]([O-])C(C)(C)N=C1c1ccccc1",3.656900021877602,0.006999999999999999,2.014903741397156
782604,"WEBKET","10.1107/S0108768193007645","Clc1ccc(cc1)C1=C2C(=O)NC(=C2C(=O)N1)c1ccc(Cl)cc1",2.843100017009,0.6518,1.6081871420673626
35053,"AZMCTI","10.1039/p19770001612","COC(=O)C1=C(N=C(S1)[N-][N+](=Nc1ccccc1)c1ccccc1)C(=O)OC",3.4304000205225544,0.5566,1.902066018899936
277041,"HICCED","10.1021/jo300985x","CCC1=C2C(=O)c3ccccc3C(=C2C2=C1C(=O)c1ccccc1C2=O)O",2.614100015638995,0.1129,1.4939545639641836
46936,"BEFXIU","10.1016/S0040-4020(03)00574-X","O=C1Nc2ccccc2C1=CC1=C([O-])ON=[N+]1c1ccccc1",3.3722000201743696,0.4353,1.8733438577482504
508350,"OFEXUS","10.1107/S0108768101021607","O=Nc1c(OCc2ccccc2)nc(NCc2ccccc2)nc1OCc1ccccc1",1.0986000065724342,0.0002,0.7366968207095527
123283,"DAPYIC","10.1021/jo00212a035","CC=CC=CC(=O)N1N=[N+]([O-])c2ccccc12",4.164800024916143,0.495,2.269920950783606
533080,"PAJROI","10.1107/S0108270104023121","C=C=CN1C(COC1=O)C(c1ccccc1)c1ccccc1",2.679400016029656,0.0041,1.5273185792278376
684217,"TCNPQD","10.1107/S0567740871003996","N#CC(C#N)=C1C=CC(c2ccccc12)=C(C#N)C#N",3.4383000205698164,0.7923,1.9067819424044656
230669,"GAJTIX","10.1021/acs.cgd.5b01656","Brc1ccc(cc1)C1=C2C(=O)N(Cc3ccccc3)C(=C2C(=O)N1Cc1ccccc1)c1ccccc1",3.0053000179793705,0.5239,1.690342395222511
307301,"IHANEK","10.1023/A:1013751324437","COc1ccc(N=O)c(c1)c1c(C)cc(C)cc1C",1.0486000062733063,0.0002,0.712099633426146
26076,"ASUWEQ","10.1016/j.tetasy.2003.11.031","CC(=NCCN=C(C)c1c2CCc3ccc(CCc(cc2)c1O)cc3)c1c2CCc3ccc(CCc(cc2)c1O)cc3",2.722900016289897,0.0036,1.5495531380124858
491434,"NOLKAC","10.1002/asia.201402389","CC[N+](CC)=C1C=CC2=C(C3=CC=C(Br)N3[B-](F)(F)N12)c1c(F)c(F)c(F)c(F)c1F",2.8582000170993367,0.6246,1.6172792821432596
41016,"BAPSIX","10.1134/S0012500816110033","OC1=C(Sc2ccccc12)C=[N+]1[N-]C(=O)CC1c1ccccc1",3.3954000203131653,0.6765,1.8859713009777468
454654,"MORYOH","10.1021/jm010377v","CC1(C)CCc2c(O1)c1ccccc1c1N=C3C=C(Nc4ccccc4)C(C=C3N(c3ccccc3)c21)=Nc1ccccc1",2.6400000157939436,1.7407,1.5085534720360387
304594,"IFIGAF","10.1107/S0108270102008181","Nc1nc(OCc2ccccc2)c(N=O)c(OCc2ccccc2)n1",1.085700006495259,0.0002,0.7315840735785178
642072,"SAMXEL","10.1002/anie.201105736","CC1=CC(=C2N1[B-](F)(F)[N+]1=C(C)C=C(C)C1=C2C1=C(C)N2C(=C1C)C=C1[N+](=C(C)C=C1C)[B-]2(F)F)C",2.851400017058656,0.1022,1.6147657665138055
701551,"TOLRIX","10.1039/C4CC04627G","CC(C)[Si](C#Cc1c2ccccc2c(C#C[Si](C(C)C)(C(C)C)C(C)C)c2nc3ccccc3cc12)(C(C)C)C(C)C",2.5410000152016705,0.3719,1.4595963807494796
559619,"POSGUZ","10.1070/MC1994v004n05ABEH000397","Fc1c(F)c(F)c(N=S=Nc2ccccc2)c(F)c1F",3.3317000199320765,0.7547,1.8549690978799327
360606,"KAKMAL","","CCCCN1C(=O)C2=C(N(CCCC)C(=O)C2=C1c1ccccc1)c1ccc(cc1)C#N",2.9438000176114434,0.4728,1.6615554710034641
455274,"MOVBAA","10.1002/hc.1087","COc1ccc2N=S=NSc2c1",2.120800012687801,0.0145,1.2501859969280928
697530,"TIXCOT","10.1021/jo702351s","CC[Si]1(CC)OC(CC(C)C)CC(OC(=O)c2ccc(cc2)N(=O)=O)C1=C=C",0.9314000055721512,0.0,0.6554877073990364
490490,"NOHNAZ","10.1039/a701233k","C[N+]([O-])=C(C#N)c1ccccc1",3.636600021756157,0.0001,2.0082742316574262
955593,"MIDTUR","10.1002/ejoc.201800769","C1C2=CC=CC=CC2=CC21c1cccc3cccc(C4=C2C2=CC=CC=CC2=C4)c13",2.013900012048266,0.0171,1.1971447488522742
636255,"RUTYAH","10.1021/ic1000107","Cc1cc(C)c([As]2SN=S=N2)c(C)c1",3.0572000182898647,0.026,1.7189050976612374
156541,"EAOPDO","","CCN(CC)P1(=O)OCC2OCC(=O)C2O1",1.3767000082361829,0.0001,0.879039848019643
712970,"UBERAX","10.1039/C6CE02157C","CCC(C)CN1C(=O)C2=C(NC(=O)C2=C1C1=CC=CS1)C1=CC=CS1",2.5398000151944915,0.1149,1.4607411637140653
23970,"AROPUT","10.1039/c0dt01383h","O=C1c2ccccc2C(=O)c2c(NCc3cccnc3)ccc(NCc3cccnc3)c12",2.479400014833145,0.185,1.4310217053042076
114930,"CURCEX","10.1039/c39850000398","C1CSN=S=NS1",3.6312000217238514,0.1098,2.007074753799531
88098,"CELSER","10.1021/om00080a033","CCc1cccc(CC)c1[Si](c1c(CC)cccc1CC)=[Si](c1c(CC)cccc1CC)c1c(CC)cccc1CC",3.178000019012557,0.1671,1.780702969463017
327622,"IWURUP","10.1021/acs.joc.6b00758","CCCCC1=[N+]([O-])C2(CCCC(=O)C2C)OC1=C(c1ccccc1)c1ccccc1",3.9336000235329758,0.5576,2.1586541415416964
81211,"CARYUR","10.1002/ejoc.201200111","CCN(CC)c1ccc(cc1)C(=CC(C#N)=C(C#N)C#N)C#N",2.6819000160446125,1.0594,1.5330171058557052
847061,"YAMVIR","10.1039/c39930000872","COC(=O)CCC1=C2NC(=C1C)C=C1NC(=O)C(=C1C=C)CCCC1=C(C)C(=CC3=NC(=C2)C(=C3C)CCC(=O)OC)NC1=O",2.1500000128624914,0.2165,1.267161275263698
439600,"MELGUG","10.1007/s10847-005-9001-1","COc1ccc(cc1)C(c1cc(C)c(O)c(C)c1)=C1C=C(C)C(=O)C(=C1)C",2.978600017819637,0.0335,1.6815672677895346
739305,"UZEMOD","10.1002/chem.201602675","CC(C)[Si](C#CC1=C2N=C3C=C4c5ccccc5C4=CC3=NC2=C(C#C[Si](C(C)C)(C(C)C)C(C)C)C2=NSN=C12)(C(C)C)C(C)C",2.452800014674009,0.3366,1.419178766306228
514268,"OKANUK","10.1016/j.synthmet.2010.09.025","Brc1ccc2cc3cc4cc5cc(Br)ccc5cc4cc3cc2c1",2.481800014847503,0.0693,1.4337039315248767
757391,"VIHDOF","10.1080/10426509008045877","O=CC(C#N)=C(C=C(C#N)C(C#N)=P(c1ccccc1)(c1ccccc1)c1ccccc1)C#N",3.0363000181648303,0.9126,1.7112102622055223
490549,"NOHRUY","10.1016/j.jorganchem.2008.05.032","CC(C)c1cccc(C(C)C)c1NCc1ccc2ccccc2[n+]1[O-]",4.000300023932012,0.0077,2.193289336665595
144779,"DOLXUZ","10.1039/C4RA07808J","CC1=NN(C(=C1)C)C(N1N=C(C)C=C1C)=C1NC(C=C1)=C(N1N=C(C)C=C1C)N1N=C(C)C=C1C",3.115300018637451,0.5951,1.7509013326608016
716737,"UDEWAB","10.1021/jo001232j","NC1=Nc2ccccc2N=[N+]1[O-]",3.8109000227989163,0.0025,2.099280967429061
54737,"BIHKEI01","10.1107/S0108270185003547","Cc1[nH+]cc2COC(O)c2c1[O-]",3.601500021546169,0.1399,1.9951447111572769
758493,"VILMIM","","Cc1ccc(SN=S=NSN=S=NSc2ccc(C)cc2)cc1",2.5418000152064564,0.9968,1.4659559535364597
663969,"SOLPOY","","c1ccc2c(c1)cccc2N=S=Nc1cccc2ccccc12",2.8104000168133703,0.7344,1.600377746673235
393028,"LACJII","","OC(=O)CNc1ccccc1[As](O)(O)=O",3.2928000196993548,0.0054,1.8416295327110752
532474,"PAHGAJ","10.1515/chempap-2015-0094","CCN(CC)P(N(CC)CC)(N(CC)CC)=C1C(=O)OC(=O)C1=C1OC(=O)C=C1",3.264200019528254,0.4562,1.8273892706755164
14750,"AKUSIK","10.1021/acs.orglett.6b00637","c1ccc2c(c1)c1ccc3cccc4c3c1c2c1c2cccc3ccc5c6ccccc6c(c5c23)c41",2.224500013308192,0.4629,1.3079304608022695
919495,"EDIFOP","10.1016/j.dyepig.2017.03.052","COc1ccc2c(O[B-](F)(F)[N+]3=C4C=CC=CN4C(=C23)C2=C3[N+](=C(C)C=C3C)[B-](F)(F)N3C(=CC(=C23)C)C)c1",2.7791000166261166,0.0342,1.5859197935640128
290708,"HPRDZN","10.1002/jhet.5570170343","CN1CCC2=NN(C)C(=O)C(=NNc3ccc(Br)cc3)C2=N1",3.205300019175881,0.4728,1.7998529816907824
255565,"GOZFOS","10.1016/j.dyepig.2014.11.020","NC(=O)c1ccccc1NC(=O)c1cc2OCOc2cc1N=O",1.0689000063947522,0.0003,0.7316646192741029
498218,"NUMYEB","","CC(C)(C)C(=CC=CC=CC=C(C#N)C#N)C(C)(C)C",3.362900020118732,1.7769,1.8788673879533733
723943,"UKAVAF","10.1021/acs.cgd.6b00157","FC(F)(F)c1ccc(cc1)C1=C2C(=O)N(Cc3ccccc3)C(=C2C(=O)N1Cc1ccccc1)c1ccc(cc1)C(F)(F)F",3.0461000182234588,0.4496,1.7204961473605525
237225,"GEDTUF","10.1016/j.jfluchem.2005.11.021","C[Si](C)(C)N=S=NSc1ccccc1",3.5317000211285867,0.2717,1.96359912391004
805500,"WUTCEU","10.1016/j.tet.2010.03.067","Clc1ccc(cc1)C1=C2C(=O)N(Cc3ccccc3)C(=C2C(=O)N1Cc1ccccc1)c1ccc(Cl)cc1",3.03740001817141,0.5285,1.716881114850474
644891,"SAVHOO","10.1002/chem.201103002","CCOC(=O)C1=C2C=CC=CC2=C(N1)C(c1ccc(OC)cc1)=C1N=C(C(=O)OCC)c2ccccc12",2.6060000155905363,0.737,1.5013383732988124
103776,"COJJOB","10.1021/ja8029784","Fc1c(I)c(F)c(C=Cc2cc[n+]([O-])cc2)c(F)c1I",3.7798000226128585,0.0841,2.0882838671162345
409746,"LIGXOO","10.1007/BF01665893","CCOC(=O)C[N+]1=Nc2ccccc2C(=C1)[O-]",3.6804000220181927,0.0002,2.038619361444173
668786,"SUCWIY","10.1055/s-0034-1378564","COC(=O)C1(CC(=[N+]([O-])C1C)C1=CC=CS1)C(=O)OC",4.1298000247067534,0.0134,2.263787776714226
377927,"KIQVOV","10.1002/(SICI)1098-1071(1999)10:2<113::AID-HC4>3.0.CO;2-R","Fc1ccc2SN=S=Nc2c1",2.082500012458669,0.0101,1.2409017444698351
785791,"WENGUS","10.1021/jo060752x","COC(=O)C1=CN(c2ccc(cc2)N(=O)=O)C23CCCCCCC12N=[N+]([N-]3)c1ccc(cc1)N(=O)=O",3.3281000199105386,0.0188,1.8637360619032923
705803,"TSITZS","10.1107/S0567740877012448","CC1(C)CC2(CC(C)(C)N1SN=S=S)OCCO2",2.5608000153201247,0.0002,1.4801842425592855
